array_type,time,element_size
mono, 0.558522, 16
mono, 0.720405, 32
mono, 0.976370, 48
mono, 1.006225, 64
mono, 0.890460, 80
mono, 0.982679, 96
mono, 0.970484, 112
mono, 1.256376, 128
mono, 1.268102, 144
mono, 1.267458, 160
mono, 1.461884, 176
mono, 1.532629, 192
mono, 1.559683, 208
mono, 1.604933, 224
mono, 1.729776, 240
mono, 1.727194, 256
mono, 1.766565, 272
mono, 1.831108, 288
mono, 1.865177, 304
mono, 1.898701, 320
mono, 1.932468, 336
mono, 1.898735, 352
mono, 1.962349, 368
mono, 1.949009, 384
mono, 2.091763, 400
mono, 2.121876, 416
mono, 2.166687, 432
mono, 2.232792, 448
mono, 2.321217, 464
mono, 2.339817, 480
mono, 2.367287, 496
mono, 2.341431, 512
mono, 2.486824, 528
mono, 2.503006, 544
mono, 2.583672, 560
mono, 2.598057, 576
mono, 2.709648, 592
mono, 2.811859, 608
mono, 2.908554, 624
mono, 2.736038, 640
mono, 3.084473, 656
mono, 3.057922, 672
mono, 3.168114, 688
mono, 3.225639, 704
mono, 3.305672, 720
mono, 3.355453, 736
mono, 3.474937, 752
mono, 3.370567, 768
mono, 3.549507, 784
mono, 3.712463, 800
mono, 3.736015, 816
mono, 3.762192, 832
mono, 3.835999, 848
mono, 3.826591, 864
mono, 3.962677, 880
mono, 3.944382, 896
mono, 4.173950, 912
mono, 4.146622, 928
mono, 4.221176, 944
mono, 4.234177, 960
mono, 4.327042, 976
mono, 4.469940, 992
mono, 4.499283, 1008
mono, 4.530487, 1024
mono, 4.602127, 1040
mono, 4.659363, 1056
mono, 4.793671, 1072
mono, 4.786972, 1088
mono, 4.862076, 1104
mono, 4.910263, 1120
mono, 4.978577, 1136
mono, 5.084976, 1152
mono, 5.080917, 1168
mono, 5.145523, 1184
mono, 5.171936, 1200
mono, 5.291000, 1216
mono, 5.293549, 1232
mono, 5.271988, 1248
mono, 5.427750, 1264
mono, 5.584946, 1280
mono, 5.510086, 1296
mono, 5.671234, 1312
mono, 5.524933, 1328
mono, 5.652191, 1344
mono, 5.932190, 1360
mono, 5.969849, 1376
mono, 5.985382, 1392
mono, 5.943878, 1408
mono, 6.467316, 1424
mono, 6.561829, 1440
mono, 6.609528, 1456
mono, 6.787750, 1472
mono, 6.852570, 1488
mono, 6.889923, 1504
mono, 7.120850, 1520
mono, 7.064270, 1536
mono, 7.145874, 1552
mono, 7.704742, 1568
mono, 9.061890, 1584
mono, 7.650421, 1600
mono, 7.655701, 1616
mono, 7.467651, 1632
mono, 7.296295, 1648
mono, 8.245758, 1664
mono, 7.974396, 1680
mono, 8.358459, 1696
mono, 8.101349, 1712
mono, 7.866638, 1728
mono, 7.955475, 1744
mono, 8.975739, 1760
mono, 10.176941, 1776
mono, 9.551483, 1792
mono, 9.821320, 1808
mono, 10.003571, 1824
mono, 10.710266, 1840
mono, 10.885010, 1856
mono, 12.269470, 1872
mono, 12.616455, 1888
mono, 11.481750, 1904
mono, 11.132996, 1920
mono, 11.071045, 1936
mono, 11.276733, 1952
mono, 11.327820, 1968
mono, 12.174866, 1984
mono, 12.992432, 2000
mono, 12.108276, 2016
mono, 13.277161, 2032
mono, 14.895813, 2048
sliced, 0.660161, 16
sliced, 0.847138, 32
sliced, 1.039498, 48
sliced, 1.147680, 64
sliced, 1.051577, 80
sliced, 1.121567, 96
sliced, 1.206803, 112
sliced, 1.407051, 128
sliced, 1.391336, 144
sliced, 1.518366, 160
sliced, 1.760689, 176
sliced, 1.749961, 192
sliced, 1.840921, 208
sliced, 1.888393, 224
sliced, 1.867971, 240
sliced, 1.960726, 256
sliced, 2.092583, 272
sliced, 2.068003, 288
sliced, 2.100861, 304
sliced, 2.106571, 320
sliced, 2.192865, 336
sliced, 2.198685, 352
sliced, 2.248779, 368
sliced, 2.207912, 384
sliced, 2.396648, 400
sliced, 2.404663, 416
sliced, 2.466755, 432
sliced, 2.459209, 448
sliced, 2.586945, 464
sliced, 2.619606, 480
sliced, 2.678890, 496
sliced, 2.568611, 512
sliced, 2.773739, 528
sliced, 2.766968, 544
sliced, 2.874664, 560
sliced, 2.892174, 576
sliced, 3.068634, 592
sliced, 3.076996, 608
sliced, 3.100441, 624
sliced, 2.901978, 640
sliced, 3.354065, 656
sliced, 3.410187, 672
sliced, 3.563087, 688
sliced, 3.501846, 704
sliced, 3.686478, 720
sliced, 3.730278, 736
sliced, 3.819611, 752
sliced, 3.775032, 768
sliced, 4.277649, 784
sliced, 4.035858, 800
sliced, 4.125015, 816
sliced, 4.109558, 832
sliced, 4.219070, 848
sliced, 4.244598, 864
sliced, 4.404556, 880
sliced, 4.344543, 896
sliced, 4.487564, 912
sliced, 4.545898, 928
sliced, 4.618820, 944
sliced, 4.780319, 960
sliced, 4.811066, 976
sliced, 4.732071, 992
sliced, 4.957886, 1008
sliced, 4.903915, 1024
sliced, 5.030746, 1040
sliced, 5.022141, 1056
sliced, 5.208282, 1072
sliced, 5.376907, 1088
sliced, 5.327347, 1104
sliced, 5.245468, 1120
sliced, 5.336853, 1136
sliced, 5.528000, 1152
sliced, 5.617279, 1168
sliced, 5.582092, 1184
sliced, 5.774368, 1200
sliced, 5.835159, 1216
sliced, 5.862427, 1232
sliced, 5.897522, 1248
sliced, 6.017639, 1264
sliced, 5.911804, 1280
sliced, 5.909882, 1296
sliced, 6.467743, 1312
sliced, 6.630341, 1328
sliced, 6.233185, 1344
sliced, 7.276764, 1360
sliced, 7.048523, 1376
sliced, 6.935455, 1392
sliced, 6.972961, 1408
sliced, 6.903320, 1424
sliced, 7.149353, 1440
sliced, 7.650757, 1456
sliced, 7.222748, 1472
sliced, 7.233368, 1488
sliced, 7.337921, 1504
sliced, 7.450623, 1520
sliced, 8.453979, 1536
sliced, 8.296631, 1552
sliced, 8.108917, 1568
sliced, 8.623352, 1584
sliced, 8.342346, 1600
sliced, 8.743835, 1616
sliced, 8.605225, 1632
sliced, 8.896637, 1648
sliced, 8.971375, 1664
sliced, 10.281586, 1680
sliced, 10.071899, 1696
sliced, 9.883331, 1712
sliced, 9.800354, 1728
sliced, 10.505188, 1744
sliced, 10.713806, 1760
sliced, 10.976868, 1776
sliced, 10.727356, 1792
sliced, 11.434265, 1808
sliced, 11.309143, 1824
sliced, 11.594482, 1840
sliced, 12.690613, 1856
sliced, 12.674927, 1872
sliced, 12.559021, 1888
sliced, 12.585449, 1904
sliced, 13.031250, 1920
sliced, 13.494324, 1936
sliced, 13.143616, 1952
sliced, 13.944031, 1968
sliced, 12.491028, 1984
sliced, 14.390015, 2000
sliced, 12.909851, 2016
sliced, 14.628418, 2032
sliced, 13.798401, 2048
SQ, 0.702825, 16
SQ, 0.880596, 32
SQ, 0.992770, 48
SQ, 1.171102, 64
SQ, 0.975740, 80
SQ, 1.025469, 96
SQ, 1.083364, 112
SQ, 1.098550, 128
SQ, 1.350488, 144
SQ, 1.257288, 160
SQ, 1.713374, 176
SQ, 1.723928, 192
SQ, 1.749375, 208
SQ, 1.858936, 224
SQ, 1.881489, 240
SQ, 1.973324, 256
SQ, 2.019815, 272
SQ, 1.981285, 288
SQ, 2.049717, 304
SQ, 2.021088, 320
SQ, 2.126057, 336
SQ, 2.072178, 352
SQ, 2.132504, 368
SQ, 2.047192, 384
SQ, 2.282894, 400
SQ, 2.322849, 416
SQ, 2.379612, 432
SQ, 2.393620, 448
SQ, 2.477505, 464
SQ, 2.538795, 480
SQ, 2.514946, 496
SQ, 2.463383, 512
SQ, 2.616501, 528
SQ, 2.680119, 544
SQ, 2.764122, 560
SQ, 2.746750, 576
SQ, 2.994316, 592
SQ, 3.165390, 608
SQ, 3.080650, 624
SQ, 2.892387, 640
SQ, 3.205887, 656
SQ, 3.214088, 672
SQ, 3.320488, 688
SQ, 3.360443, 704
SQ, 3.494576, 720
SQ, 3.645622, 736
SQ, 3.718895, 752
SQ, 3.534554, 768
SQ, 3.900398, 784
SQ, 3.842911, 800
SQ, 3.983727, 816
SQ, 4.038338, 832
SQ, 4.132156, 848
SQ, 4.143600, 864
SQ, 4.141464, 880
SQ, 4.245758, 896
SQ, 4.287048, 912
SQ, 4.470169, 928
SQ, 4.556335, 944
SQ, 4.579102, 960
SQ, 4.682755, 976
SQ, 4.794434, 992
SQ, 4.818298, 1008
SQ, 4.783722, 1024
SQ, 4.932434, 1040
SQ, 4.981796, 1056
SQ, 4.967163, 1072
SQ, 5.174225, 1088
SQ, 5.141800, 1104
SQ, 5.280746, 1120
SQ, 5.406082, 1136
SQ, 5.540802, 1152
SQ, 5.768265, 1168
SQ, 5.503128, 1184
SQ, 5.611115, 1200
SQ, 5.539017, 1216
SQ, 5.972015, 1232
SQ, 5.717133, 1248
SQ, 5.796082, 1264
SQ, 6.112183, 1280
SQ, 6.248474, 1296
SQ, 6.364838, 1312
SQ, 6.590698, 1328
SQ, 6.194031, 1344
SQ, 6.048798, 1360
SQ, 6.273010, 1376
SQ, 6.532410, 1392
SQ, 6.885925, 1408
SQ, 6.892487, 1424
SQ, 7.080505, 1440
SQ, 7.153656, 1456
SQ, 7.427948, 1472
SQ, 7.995056, 1488
SQ, 7.570190, 1504
SQ, 7.363617, 1520
SQ, 7.747955, 1536
SQ, 7.622955, 1552
SQ, 8.566772, 1568
SQ, 8.295837, 1584
SQ, 8.726349, 1600
SQ, 8.805267, 1616
SQ, 8.882477, 1632
SQ, 9.093658, 1648
SQ, 9.703125, 1664
SQ, 10.530121, 1680
SQ, 11.211731, 1696
SQ, 9.948364, 1712
SQ, 9.612823, 1728
SQ, 10.758240, 1744
SQ, 10.590454, 1760
SQ, 10.590942, 1776
SQ, 11.142456, 1792
SQ, 12.431335, 1808
SQ, 10.706360, 1824
SQ, 11.951416, 1840
SQ, 12.004578, 1856
SQ, 12.093140, 1872
SQ, 11.185974, 1888
SQ, 11.440125, 1904
SQ, 11.856079, 1920
SQ, 11.940674, 1936
SQ, 12.670898, 1952
SQ, 12.638672, 1968
SQ, 13.950500, 1984
SQ, 10.911499, 2000
SQ, 11.797791, 2016
SQ, 11.920044, 2032
SQ, 12.992676, 2048
mono, 0.578118, 16
mono, 0.850248, 32
mono, 0.880955, 48
mono, 0.976686, 64
mono, 0.970157, 80
mono, 0.933291, 96
mono, 1.083012, 112
mono, 1.219286, 128
mono, 1.258805, 144
mono, 1.175303, 160
mono, 1.399911, 176
mono, 1.507559, 192
mono, 1.601166, 208
mono, 1.616656, 224
mono, 1.715466, 240
mono, 1.657772, 256
mono, 1.750612, 272
mono, 1.794699, 288
mono, 1.873707, 304
mono, 1.890186, 320
mono, 1.932707, 336
mono, 1.944149, 352
mono, 1.966726, 368
mono, 1.916462, 384
mono, 2.143730, 400
mono, 2.150158, 416
mono, 2.126736, 432
mono, 2.198456, 448
mono, 2.295971, 464
mono, 2.350597, 480
mono, 2.389908, 496
mono, 2.365757, 512
mono, 2.493984, 528
mono, 2.515472, 544
mono, 2.704525, 560
mono, 2.596397, 576
mono, 2.727119, 592
mono, 2.810814, 608
mono, 2.857155, 624
mono, 2.748238, 640
mono, 3.061699, 656
mono, 3.057770, 672
mono, 3.170265, 688
mono, 3.221619, 704
mono, 3.255310, 720
mono, 3.449348, 736
mono, 3.452209, 752
mono, 3.419907, 768
mono, 3.628578, 784
mono, 3.683189, 800
mono, 3.722878, 816
mono, 3.811066, 832
mono, 3.807457, 848
mono, 3.891579, 864
mono, 3.983185, 880
mono, 3.918350, 896
mono, 4.096863, 912
mono, 4.141190, 928
mono, 4.270050, 944
mono, 4.254150, 960
mono, 4.338882, 976
mono, 4.438248, 992
mono, 4.594620, 1008
mono, 4.523254, 1024
mono, 4.603104, 1040
mono, 4.878021, 1056
mono, 4.889114, 1072
mono, 4.787750, 1088
mono, 4.948776, 1104
mono, 5.187012, 1120
mono, 5.399017, 1136
mono, 5.146973, 1152
mono, 5.192535, 1168
mono, 5.067108, 1184
mono, 5.090698, 1200
mono, 5.341858, 1216
mono, 5.394684, 1232
mono, 5.519424, 1248
mono, 6.069366, 1264
mono, 5.809967, 1280
mono, 6.123901, 1296
mono, 6.392639, 1312
mono, 6.496552, 1328
mono, 6.098816, 1344
mono, 6.272583, 1360
mono, 6.373840, 1376
mono, 6.227875, 1392
mono, 6.212799, 1408
mono, 6.278198, 1424
mono, 6.358246, 1440
mono, 6.744904, 1456
mono, 7.066956, 1472
mono, 7.582031, 1488
mono, 7.694275, 1504
mono, 7.499237, 1520
mono, 7.297729, 1536
mono, 7.553040, 1552
mono, 7.623566, 1568
mono, 7.824280, 1584
mono, 8.019897, 1600
mono, 8.551575, 1616
mono, 8.469177, 1632
mono, 9.299255, 1648
mono, 9.268768, 1664
mono, 8.639374, 1680
mono, 8.533844, 1696
mono, 8.190308, 1712
mono, 9.134003, 1728
mono, 10.203583, 1744
mono, 9.527832, 1760
mono, 10.161957, 1776
mono, 11.107239, 1792
mono, 11.142456, 1808
mono, 11.260254, 1824
mono, 11.560669, 1840
mono, 11.056396, 1856
mono, 11.440247, 1872
mono, 12.189514, 1888
mono, 11.904968, 1904
mono, 12.207581, 1920
mono, 12.728638, 1936
mono, 11.895142, 1952
mono, 12.168457, 1968
mono, 12.551331, 1984
mono, 12.672180, 2000
mono, 13.399963, 2016
mono, 12.830139, 2032
mono, 13.648987, 2048
sliced, 0.751437, 16
sliced, 0.983721, 32
sliced, 0.948391, 48
sliced, 1.100362, 64
sliced, 1.097373, 80
sliced, 1.061502, 96
sliced, 1.210859, 112
sliced, 1.354919, 128
sliced, 1.409237, 144
sliced, 1.544034, 160
sliced, 1.701906, 176
sliced, 1.709810, 192
sliced, 1.830333, 208
sliced, 1.807024, 224
sliced, 2.001884, 240
sliced, 1.908592, 256
sliced, 2.086624, 272
sliced, 2.091721, 288
sliced, 2.067537, 304
sliced, 2.125587, 320
sliced, 2.178921, 336
sliced, 2.217026, 352
sliced, 2.280296, 368
sliced, 2.246338, 384
sliced, 2.384377, 400
sliced, 2.392006, 416
sliced, 2.467793, 432
sliced, 2.475681, 448
sliced, 2.552887, 464
sliced, 2.597588, 480
sliced, 2.658478, 496
sliced, 2.636124, 512
sliced, 2.799667, 528
sliced, 2.795593, 544
sliced, 2.865051, 560
sliced, 2.810013, 576
sliced, 3.051346, 592
sliced, 3.021210, 608
sliced, 3.159424, 624
sliced, 3.113403, 640
sliced, 3.329727, 656
sliced, 3.422791, 672
sliced, 3.526733, 688
sliced, 3.484993, 704
sliced, 3.665718, 720
sliced, 3.697533, 736
sliced, 3.790054, 752
sliced, 3.753448, 768
sliced, 3.968529, 784
sliced, 3.989029, 800
sliced, 4.106659, 816
sliced, 4.126419, 832
sliced, 4.209305, 848
sliced, 4.418945, 864
sliced, 4.204483, 880
sliced, 4.317352, 896
sliced, 4.464493, 912
sliced, 4.508240, 928
sliced, 4.560150, 944
sliced, 4.618591, 960
sliced, 4.750412, 976
sliced, 4.759445, 992
sliced, 4.909149, 1008
sliced, 4.998718, 1024
sliced, 4.995163, 1040
sliced, 5.072983, 1056
sliced, 5.181900, 1072
sliced, 5.223068, 1088
sliced, 5.284805, 1104
sliced, 5.349945, 1120
sliced, 5.410309, 1136
sliced, 5.391327, 1152
sliced, 5.568375, 1168
sliced, 5.511887, 1184
sliced, 5.635895, 1200
sliced, 5.628418, 1216
sliced, 5.792206, 1232
sliced, 5.704132, 1248
sliced, 5.898804, 1264
sliced, 5.775879, 1280
sliced, 6.316620, 1296
sliced, 5.934326, 1312
sliced, 6.107971, 1328
sliced, 6.008789, 1344
sliced, 6.182465, 1360
sliced, 6.218658, 1376
sliced, 6.416077, 1392
sliced, 6.352692, 1408
sliced, 6.444031, 1424
sliced, 6.432312, 1440
sliced, 6.517059, 1456
sliced, 6.496338, 1472
sliced, 6.685760, 1488
sliced, 6.645905, 1504
sliced, 7.216919, 1520
sliced, 7.306610, 1536
sliced, 7.673370, 1552
sliced, 8.304047, 1568
sliced, 8.744049, 1584
sliced, 8.613098, 1600
sliced, 9.688263, 1616
sliced, 9.324646, 1632
sliced, 9.233490, 1648
sliced, 9.130157, 1664
sliced, 9.012604, 1680
sliced, 9.776764, 1696
sliced, 10.303253, 1712
sliced, 10.564758, 1728
sliced, 10.981537, 1744
sliced, 10.845215, 1760
sliced, 11.171997, 1776
sliced, 12.620300, 1792
sliced, 11.836609, 1808
sliced, 11.508240, 1824
sliced, 12.247986, 1840
sliced, 12.180237, 1856
sliced, 12.506714, 1872
sliced, 12.465820, 1888
sliced, 13.073669, 1904
sliced, 13.393188, 1920
sliced, 12.218262, 1936
sliced, 13.358521, 1952
sliced, 13.668579, 1968
sliced, 13.280212, 1984
sliced, 13.554688, 2000
sliced, 13.937439, 2016
sliced, 14.649048, 2032
sliced, 14.367981, 2048
SQ, 0.773249, 16
SQ, 0.919636, 32
SQ, 1.004433, 48
SQ, 0.949223, 64
SQ, 1.004574, 80
SQ, 1.073351, 96
SQ, 1.107314, 112
SQ, 1.126191, 128
SQ, 1.352477, 144
SQ, 1.267352, 160
SQ, 1.731705, 176
SQ, 1.676054, 192
SQ, 1.822423, 208
SQ, 1.871412, 224
SQ, 1.886135, 240
SQ, 1.941236, 256
SQ, 2.001303, 272
SQ, 2.024639, 288
SQ, 1.873505, 304
SQ, 2.029316, 320
SQ, 2.006636, 336
SQ, 2.051769, 352
SQ, 2.109097, 368
SQ, 2.085407, 384
SQ, 2.280296, 400
SQ, 2.309719, 416
SQ, 2.338196, 432
SQ, 2.361317, 448
SQ, 2.504532, 464
SQ, 2.546734, 480
SQ, 2.477753, 496
SQ, 2.566074, 512
SQ, 2.670460, 528
SQ, 2.639984, 544
SQ, 2.758293, 560
SQ, 2.801750, 576
SQ, 2.943535, 592
SQ, 2.999512, 608
SQ, 3.026840, 624
SQ, 2.959419, 640
SQ, 3.179588, 656
SQ, 3.263100, 672
SQ, 3.321098, 688
SQ, 3.301773, 704
SQ, 3.516304, 720
SQ, 3.598671, 736
SQ, 3.634521, 752
SQ, 3.456635, 768
SQ, 3.873055, 784
SQ, 3.885742, 800
SQ, 3.982910, 816
SQ, 3.956299, 832
SQ, 4.106873, 848
SQ, 4.070404, 864
SQ, 4.220581, 880
SQ, 4.226791, 896
SQ, 4.348328, 912
SQ, 4.426025, 928
SQ, 4.479675, 944
SQ, 4.547165, 960
SQ, 4.796066, 976
SQ, 4.710052, 992
SQ, 4.835785, 1008
SQ, 4.677124, 1024
SQ, 4.940704, 1040
SQ, 4.959900, 1056
SQ, 5.029770, 1072
SQ, 5.118225, 1088
SQ, 5.241882, 1104
SQ, 5.150101, 1120
SQ, 5.277130, 1136
SQ, 5.290146, 1152
SQ, 5.361298, 1168
SQ, 5.350174, 1184
SQ, 5.439590, 1200
SQ, 5.533707, 1216
SQ, 5.593903, 1232
SQ, 5.575256, 1248
SQ, 5.647552, 1264
SQ, 5.724396, 1280
SQ, 5.814331, 1296
SQ, 5.964050, 1312
SQ, 6.392212, 1328
SQ, 6.106537, 1344
SQ, 6.080597, 1360
SQ, 7.159210, 1376
SQ, 6.891998, 1392
SQ, 6.969849, 1408
SQ, 6.888275, 1424
SQ, 7.126923, 1440
SQ, 6.709808, 1456
SQ, 6.567932, 1472
SQ, 6.647766, 1488
SQ, 7.065002, 1504
SQ, 7.218689, 1520
SQ, 7.561035, 1536
SQ, 7.334961, 1552
SQ, 7.751129, 1568
SQ, 8.034698, 1584
SQ, 8.286591, 1600
SQ, 8.245392, 1616
SQ, 8.091431, 1632
SQ, 9.287384, 1648
SQ, 10.342987, 1664
SQ, 9.761780, 1680
SQ, 10.148682, 1696
SQ, 10.030945, 1712
SQ, 10.394287, 1728
SQ, 11.401398, 1744
SQ, 10.866821, 1760
SQ, 11.385986, 1776
SQ, 10.512939, 1792
SQ, 11.560547, 1808
SQ, 11.363098, 1824
SQ, 12.247070, 1840
SQ, 11.046143, 1856
SQ, 11.448303, 1872
SQ, 11.936890, 1888
SQ, 11.270447, 1904
SQ, 11.578918, 1920
SQ, 12.439026, 1936
SQ, 12.615234, 1952
SQ, 13.896240, 1968
SQ, 12.301819, 1984
SQ, 14.650452, 2000
SQ, 11.509460, 2016
SQ, 12.141663, 2032
SQ, 13.131287, 2048
mono, 0.570780, 16
mono, 0.742385, 32
mono, 0.869876, 48
mono, 0.980529, 64
mono, 0.915655, 80
mono, 0.987043, 96
mono, 1.060898, 112
mono, 1.133037, 128
mono, 1.255869, 144
mono, 1.196210, 160
mono, 1.467857, 176
mono, 1.549023, 192
mono, 1.502128, 208
mono, 1.656827, 224
mono, 1.693213, 240
mono, 1.669535, 256
mono, 1.778934, 272
mono, 1.755886, 288
mono, 1.890760, 304
mono, 1.899052, 320
mono, 1.925179, 336
mono, 1.892948, 352
mono, 2.034832, 368
mono, 2.020271, 384
mono, 2.097458, 400
mono, 2.109425, 416
mono, 2.242985, 432
mono, 2.201424, 448
mono, 2.259125, 464
mono, 2.355930, 480
mono, 2.390739, 496
mono, 2.322475, 512
mono, 2.523273, 528
mono, 2.543621, 544
mono, 2.578655, 560
mono, 2.574635, 576
mono, 2.763367, 592
mono, 2.771782, 608
mono, 2.888748, 624
mono, 2.975723, 640
mono, 3.006081, 656
mono, 3.058311, 672
mono, 3.163559, 688
mono, 3.149834, 704
mono, 3.329605, 720
mono, 3.316345, 736
mono, 3.493073, 752
mono, 3.384819, 768
mono, 3.610313, 784
mono, 3.638046, 800
mono, 3.746712, 816
mono, 3.850021, 832
mono, 3.886391, 848
mono, 3.950035, 864
mono, 3.977798, 880
mono, 3.978149, 896
mono, 4.097504, 912
mono, 4.138535, 928
mono, 4.214478, 944
mono, 4.292526, 960
mono, 4.396042, 976
mono, 4.414093, 992
mono, 4.513870, 1008
mono, 4.474091, 1024
mono, 4.640854, 1040
mono, 4.691452, 1056
mono, 4.785385, 1072
mono, 4.827545, 1088
mono, 4.923370, 1104
mono, 4.878021, 1120
mono, 5.060165, 1136
mono, 5.022476, 1152
mono, 5.154785, 1168
mono, 5.328812, 1184
mono, 5.131836, 1200
mono, 5.240646, 1216
mono, 5.362503, 1232
mono, 5.577576, 1248
mono, 5.805832, 1264
mono, 5.578369, 1280
mono, 5.615997, 1296
mono, 5.630493, 1312
mono, 5.730499, 1328
mono, 5.658325, 1344
mono, 5.845917, 1360
mono, 5.691711, 1376
mono, 6.119049, 1392
mono, 6.469208, 1408
mono, 6.357635, 1424
mono, 6.253204, 1440
mono, 6.583313, 1456
mono, 6.621918, 1472
mono, 6.682892, 1488
mono, 6.551727, 1504
mono, 6.516418, 1520
mono, 6.985352, 1536
mono, 7.209534, 1552
mono, 7.635559, 1568
mono, 8.685608, 1584
mono, 7.755524, 1600
mono, 7.944977, 1616
mono, 7.685822, 1632
mono, 8.999176, 1648
mono, 8.895660, 1664
mono, 8.445831, 1680
mono, 8.380310, 1696
mono, 8.569183, 1712
mono, 8.873077, 1728
mono, 8.961823, 1744
mono, 9.171387, 1760
mono, 9.391693, 1776
mono, 8.694000, 1792
mono, 10.751221, 1808
mono, 9.957611, 1824
mono, 10.201233, 1840
mono, 10.009949, 1856
mono, 10.719666, 1872
mono, 10.954651, 1888
mono, 10.930420, 1904
mono, 11.098572, 1920
mono, 11.053406, 1936
mono, 11.251343, 1952
mono, 11.212891, 1968
mono, 14.002441, 1984
mono, 12.605225, 2000
mono, 12.577820, 2016
mono, 13.660583, 2032
mono, 14.444336, 2048
sliced, 0.699469, 16
sliced, 0.900597, 32
sliced, 1.119364, 48
sliced, 1.040875, 64
sliced, 1.102538, 80
sliced, 1.182753, 96
sliced, 1.263908, 112
sliced, 1.282101, 128
sliced, 1.464822, 144
sliced, 1.521029, 160
sliced, 1.660476, 176
sliced, 1.771265, 192
sliced, 1.838097, 208
sliced, 1.841003, 224
sliced, 1.965916, 240
sliced, 1.905487, 256
sliced, 2.056501, 272
sliced, 2.065742, 288
sliced, 2.046797, 304
sliced, 2.142679, 320
sliced, 2.170624, 336
sliced, 2.214725, 352
sliced, 2.261829, 368
sliced, 2.274193, 384
sliced, 2.354137, 400
sliced, 2.393272, 416
sliced, 2.469215, 432
sliced, 2.503979, 448
sliced, 2.506626, 464
sliced, 2.634106, 480
sliced, 2.602379, 496
sliced, 2.615704, 512
sliced, 2.768372, 528
sliced, 2.921242, 544
sliced, 2.855194, 560
sliced, 2.793289, 576
sliced, 3.044670, 592
sliced, 3.050652, 608
sliced, 3.172684, 624
sliced, 3.101990, 640
sliced, 3.361526, 656
sliced, 3.379601, 672
sliced, 3.535477, 688
sliced, 3.499992, 704
sliced, 3.709114, 720
sliced, 3.778503, 736
sliced, 3.837082, 752
sliced, 3.725754, 768
sliced, 4.010712, 784
sliced, 4.031631, 800
sliced, 4.082214, 816
sliced, 4.139908, 832
sliced, 4.226151, 848
sliced, 4.184738, 864
sliced, 4.301819, 880
sliced, 4.356567, 896
sliced, 4.496124, 912
sliced, 4.552780, 928
sliced, 4.695435, 944
sliced, 4.722855, 960
sliced, 4.727081, 976
sliced, 4.836411, 992
sliced, 5.049271, 1008
sliced, 4.884018, 1024
sliced, 5.060486, 1040
sliced, 5.094284, 1056
sliced, 5.156647, 1072
sliced, 5.446777, 1088
sliced, 5.306168, 1104
sliced, 5.394226, 1120
sliced, 5.286850, 1136
sliced, 5.545197, 1152
sliced, 5.441559, 1168
sliced, 5.779633, 1184
sliced, 5.573120, 1200
sliced, 5.852768, 1216
sliced, 5.886078, 1232
sliced, 5.617279, 1248
sliced, 6.003815, 1264
sliced, 6.000305, 1280
sliced, 6.032745, 1296
sliced, 5.950653, 1312
sliced, 6.246704, 1328
sliced, 6.664001, 1344
sliced, 6.397217, 1360
sliced, 6.782593, 1376
sliced, 6.329315, 1392
sliced, 6.536133, 1408
sliced, 6.847626, 1424
sliced, 6.612488, 1440
sliced, 7.577637, 1456
sliced, 7.706085, 1472
sliced, 7.242432, 1488
sliced, 7.544006, 1504
sliced, 7.561554, 1520
sliced, 7.700897, 1536
sliced, 7.908752, 1552
sliced, 7.914276, 1568
sliced, 8.586609, 1584
sliced, 8.646545, 1600
sliced, 8.308441, 1616
sliced, 8.421478, 1632
sliced, 8.669250, 1648
sliced, 8.705017, 1664
sliced, 9.236664, 1680
sliced, 9.194733, 1696
sliced, 10.360229, 1712
sliced, 10.515076, 1728
sliced, 10.308624, 1744
sliced, 10.792847, 1760
sliced, 11.448975, 1776
sliced, 11.423035, 1792
sliced, 12.341980, 1808
sliced, 11.052246, 1824
sliced, 11.475464, 1840
sliced, 11.649048, 1856
sliced, 13.503052, 1872
sliced, 12.463684, 1888
sliced, 10.933472, 1904
sliced, 8.685669, 1920
sliced, 9.430176, 1936
sliced, 9.854065, 1952
sliced, 10.680115, 1968
sliced, 12.802979, 1984
sliced, 12.257874, 2000
sliced, 14.772705, 2016
sliced, 15.575378, 2032
sliced, 11.376587, 2048
SQ, 0.750393, 16
SQ, 0.931134, 32
SQ, 0.997587, 48
SQ, 0.971727, 64
SQ, 1.008986, 80
SQ, 1.092698, 96
SQ, 1.146536, 112
SQ, 1.117705, 128
SQ, 1.263697, 144
SQ, 1.273842, 160
SQ, 1.686438, 176
SQ, 1.663455, 192
SQ, 1.864476, 208
SQ, 1.842287, 224
SQ, 1.856667, 240
SQ, 1.909704, 256
SQ, 2.022661, 272
SQ, 2.050392, 288
SQ, 1.948982, 304
SQ, 2.026770, 320
SQ, 2.053171, 336
SQ, 2.099728, 352
SQ, 2.124737, 368
SQ, 2.063290, 384
SQ, 2.227413, 400
SQ, 2.272274, 416
SQ, 2.425209, 432
SQ, 2.381092, 448
SQ, 2.482243, 464
SQ, 2.499241, 480
SQ, 2.607132, 496
SQ, 2.557594, 512
SQ, 2.610992, 528
SQ, 2.701832, 544
SQ, 2.747032, 560
SQ, 2.752678, 576
SQ, 3.078270, 592
SQ, 2.968979, 608
SQ, 3.104446, 624
SQ, 2.971130, 640
SQ, 3.215919, 656
SQ, 3.139595, 672
SQ, 3.341248, 688
SQ, 3.356148, 704
SQ, 3.476067, 720
SQ, 3.492744, 736
SQ, 3.669609, 752
SQ, 3.466454, 768
SQ, 3.818359, 784
SQ, 4.086281, 800
SQ, 4.012817, 816
SQ, 3.916862, 832
SQ, 4.146255, 848
SQ, 4.105637, 864
SQ, 4.214096, 880
SQ, 4.214783, 896
SQ, 4.353760, 912
SQ, 4.381546, 928
SQ, 4.429626, 944
SQ, 4.564270, 960
SQ, 4.626755, 976
SQ, 4.677399, 992
SQ, 4.774689, 1008
SQ, 4.733063, 1024
SQ, 4.943451, 1040
SQ, 4.980637, 1056
SQ, 5.024597, 1072
SQ, 5.105469, 1088
SQ, 5.162827, 1104
SQ, 5.124832, 1120
SQ, 5.264359, 1136
SQ, 5.368851, 1152
SQ, 5.428894, 1168
SQ, 5.309036, 1184
SQ, 5.435699, 1200
SQ, 5.702393, 1216
SQ, 5.571976, 1232
SQ, 5.560883, 1248
SQ, 5.660034, 1264
SQ, 5.545013, 1280
SQ, 5.810028, 1296
SQ, 5.776642, 1312
SQ, 6.012726, 1328
SQ, 5.867706, 1344
SQ, 5.893036, 1360
SQ, 5.962219, 1376
SQ, 6.062256, 1392
SQ, 5.916504, 1408
SQ, 6.123138, 1424
SQ, 6.159698, 1440
SQ, 6.110352, 1456
SQ, 6.223633, 1472
SQ, 6.411804, 1488
SQ, 6.446106, 1504
SQ, 6.651794, 1520
SQ, 6.868073, 1536
SQ, 7.116150, 1552
SQ, 6.947144, 1568
SQ, 6.883942, 1584
SQ, 6.955597, 1600
SQ, 7.273895, 1616
SQ, 7.215210, 1632
SQ, 7.387970, 1648
SQ, 7.693054, 1664
SQ, 7.335205, 1680
SQ, 7.471222, 1696
SQ, 7.745300, 1712
SQ, 7.860687, 1728
SQ, 8.010254, 1744
SQ, 8.177216, 1760
SQ, 8.859924, 1776
SQ, 9.340210, 1792
SQ, 9.219696, 1808
SQ, 9.143341, 1824
SQ, 9.048828, 1840
SQ, 9.511475, 1856
SQ, 9.069763, 1872
SQ, 9.295776, 1888
SQ, 9.615112, 1904
SQ, 9.632324, 1920
SQ, 9.812866, 1936
SQ, 10.172424, 1952
SQ, 10.222351, 1968
SQ, 11.043030, 1984
SQ, 11.690063, 2000
SQ, 10.813171, 2016
SQ, 11.038879, 2032
SQ, 12.033447, 2048
mono, 0.560191, 16
mono, 0.713069, 32
mono, 0.843047, 48
mono, 0.867612, 64
mono, 0.874497, 80
mono, 0.877671, 96
mono, 1.075725, 112
mono, 1.208124, 128
mono, 1.186002, 144
mono, 1.266912, 160
mono, 1.489643, 176
mono, 1.508770, 192
mono, 1.563310, 208
mono, 1.600777, 224
mono, 1.720144, 240
mono, 1.711599, 256
mono, 1.844467, 272
mono, 1.766560, 288
mono, 1.839527, 304
mono, 1.857208, 320
mono, 1.808573, 336
mono, 1.951729, 352
mono, 2.012951, 368
mono, 2.008064, 384
mono, 2.123466, 400
mono, 2.094154, 416
mono, 2.223156, 432
mono, 2.246372, 448
mono, 2.304138, 464
mono, 2.351555, 480
mono, 2.394848, 496
mono, 2.350258, 512
mono, 2.445801, 528
mono, 2.518639, 544
mono, 2.631660, 560
mono, 2.527050, 576
mono, 2.737129, 592
mono, 2.827866, 608
mono, 3.018723, 624
mono, 2.778748, 640
mono, 3.077744, 656
mono, 3.077827, 672
mono, 3.161682, 688
mono, 3.204361, 704
mono, 3.337921, 720
mono, 3.395279, 736
mono, 3.508537, 752
mono, 3.413979, 768
mono, 3.643578, 784
mono, 3.713066, 800
mono, 3.709328, 816
mono, 3.655060, 832
mono, 3.821754, 848
mono, 3.904572, 864
mono, 3.999138, 880
mono, 4.005157, 896
mono, 4.093460, 912
mono, 4.184509, 928
mono, 4.227539, 944
mono, 4.264069, 960
mono, 4.411621, 976
mono, 4.445770, 992
mono, 4.458008, 1008
mono, 4.538589, 1024
mono, 4.657181, 1040
mono, 4.712036, 1056
mono, 4.784134, 1072
mono, 4.870605, 1088
mono, 4.914505, 1104
mono, 4.948517, 1120
mono, 5.128082, 1136
mono, 4.970291, 1152
mono, 5.247040, 1168
mono, 5.133179, 1184
mono, 5.248657, 1200
mono, 5.290344, 1216
mono, 5.307953, 1232
mono, 5.495590, 1248
mono, 5.392044, 1264
mono, 5.615128, 1280
mono, 5.524094, 1296
mono, 5.831421, 1312
mono, 5.818848, 1328
mono, 5.791229, 1344
mono, 5.851593, 1360
mono, 5.761200, 1376
mono, 5.894165, 1392
mono, 6.508118, 1408
mono, 6.800751, 1424
mono, 6.667084, 1440
mono, 6.624268, 1456
mono, 6.484741, 1472
mono, 7.051575, 1488
mono, 6.852417, 1504
mono, 6.904205, 1520
mono, 7.069733, 1536
mono, 7.454865, 1552
mono, 7.514557, 1568
mono, 7.603638, 1584
mono, 8.135834, 1600
mono, 8.501831, 1616
mono, 8.130219, 1632
mono, 8.007874, 1648
mono, 8.357422, 1664
mono, 8.751495, 1680
mono, 9.730133, 1696
mono, 8.834381, 1712
mono, 8.544159, 1728
mono, 8.672760, 1744
mono, 9.059509, 1760
mono, 9.022919, 1776
mono, 9.231110, 1792
mono, 8.951355, 1808
mono, 8.851105, 1824
mono, 8.980042, 1840
mono, 9.064819, 1856
mono, 9.498901, 1872
mono, 10.282166, 1888
mono, 11.182129, 1904
mono, 10.394958, 1920
mono, 10.736450, 1936
mono, 10.954895, 1952
mono, 12.198730, 1968
mono, 11.701477, 1984
mono, 11.626587, 2000
mono, 12.751770, 2016
mono, 13.664307, 2032
mono, 13.757385, 2048
sliced, 0.689262, 16
sliced, 0.955555, 32
sliced, 1.138947, 48
sliced, 1.070979, 64
sliced, 1.117756, 80
sliced, 1.139370, 96
sliced, 1.233774, 112
sliced, 1.243088, 128
sliced, 1.421535, 144
sliced, 1.446446, 160
sliced, 1.724597, 176
sliced, 1.742308, 192
sliced, 1.836128, 208
sliced, 1.874655, 224
sliced, 1.942699, 240
sliced, 1.891003, 256
sliced, 2.059259, 272
sliced, 2.095282, 288
sliced, 2.095661, 304
sliced, 2.087458, 320
sliced, 2.205576, 336
sliced, 2.130173, 352
sliced, 2.247463, 368
sliced, 2.246902, 384
sliced, 2.391090, 400
sliced, 2.371029, 416
sliced, 2.675690, 432
sliced, 2.465813, 448
sliced, 2.576744, 464
sliced, 2.573112, 480
sliced, 2.609638, 496
sliced, 2.511360, 512
sliced, 2.802753, 528
sliced, 2.793968, 544
sliced, 2.878418, 560
sliced, 2.856552, 576
sliced, 3.039009, 592
sliced, 3.046448, 608
sliced, 3.176453, 624
sliced, 3.085724, 640
sliced, 3.404419, 656
sliced, 3.348839, 672
sliced, 3.480415, 688
sliced, 3.493736, 704
sliced, 3.696411, 720
sliced, 3.676720, 736
sliced, 3.799530, 752
sliced, 3.721863, 768
sliced, 3.972084, 784
sliced, 3.993591, 800
sliced, 4.120255, 816
sliced, 4.047394, 832
sliced, 4.216766, 848
sliced, 4.188797, 864
sliced, 4.370926, 880
sliced, 4.387589, 896
sliced, 4.469559, 912
sliced, 4.477737, 928
sliced, 4.585663, 944
sliced, 4.705399, 960
sliced, 4.711533, 976
sliced, 4.771881, 992
sliced, 4.866150, 1008
sliced, 4.873596, 1024
sliced, 5.165421, 1040
sliced, 4.955353, 1056
sliced, 5.256042, 1072
sliced, 5.231537, 1088
sliced, 5.417465, 1104
sliced, 5.221558, 1120
sliced, 5.435791, 1136
sliced, 5.373550, 1152
sliced, 5.391983, 1168
sliced, 5.779663, 1184
sliced, 5.790649, 1200
sliced, 5.941727, 1216
sliced, 6.131104, 1232
sliced, 6.381165, 1248
sliced, 6.579712, 1264
sliced, 6.745209, 1280
sliced, 6.502319, 1296
sliced, 6.406372, 1312
sliced, 6.751129, 1328
sliced, 6.213776, 1344
sliced, 6.291595, 1360
sliced, 6.665833, 1376
sliced, 7.002289, 1392
sliced, 7.678497, 1408
sliced, 7.497253, 1424
sliced, 7.516693, 1440
sliced, 7.640839, 1456
sliced, 7.866455, 1472
sliced, 7.898834, 1488
sliced, 7.639008, 1504
sliced, 7.642242, 1520
sliced, 7.717896, 1536
sliced, 7.546906, 1552
sliced, 7.617920, 1568
sliced, 7.970734, 1584
sliced, 8.556183, 1600
sliced, 9.374878, 1616
sliced, 8.651672, 1632
sliced, 9.266907, 1648
sliced, 10.136536, 1664
sliced, 9.573730, 1680
sliced, 10.024902, 1696
sliced, 10.577820, 1712
sliced, 10.170807, 1728
sliced, 10.617493, 1744
sliced, 10.789917, 1760
sliced, 11.392273, 1776
sliced, 10.600037, 1792
sliced, 11.584778, 1808
sliced, 10.830933, 1824
sliced, 12.707581, 1840
sliced, 12.286011, 1856
sliced, 12.486633, 1872
sliced, 12.161560, 1888
sliced, 13.223389, 1904
sliced, 12.924561, 1920
sliced, 13.108765, 1936
sliced, 13.088623, 1952
sliced, 14.066772, 1968
sliced, 13.478821, 1984
sliced, 13.126892, 2000
sliced, 13.659668, 2016
sliced, 13.815674, 2032
sliced, 13.335693, 2048
SQ, 0.735880, 16
SQ, 0.929218, 32
SQ, 0.981766, 48
SQ, 0.962490, 64
SQ, 0.984091, 80
SQ, 1.016208, 96
SQ, 1.089370, 112
SQ, 1.119674, 128
SQ, 1.223114, 144
SQ, 1.278655, 160
SQ, 1.687755, 176
SQ, 1.639198, 192
SQ, 1.872943, 208
SQ, 1.772006, 224
SQ, 1.857899, 240
SQ, 1.860092, 256
SQ, 2.001720, 272
SQ, 2.060272, 288
SQ, 2.007114, 304
SQ, 2.013248, 320
SQ, 2.084126, 336
SQ, 2.069447, 352
SQ, 2.099537, 368
SQ, 2.131104, 384
SQ, 2.163471, 400
SQ, 2.233482, 416
SQ, 2.387985, 432
SQ, 2.432198, 448
SQ, 2.386879, 464
SQ, 2.470650, 480
SQ, 2.599892, 496
SQ, 2.792767, 512
SQ, 2.655617, 528
SQ, 2.640675, 544
SQ, 2.755516, 560
SQ, 2.703461, 576
SQ, 2.889130, 592
SQ, 2.962090, 608
SQ, 3.086624, 624
SQ, 2.997292, 640
SQ, 3.226631, 656
SQ, 3.271828, 672
SQ, 3.284859, 688
SQ, 3.434875, 704
SQ, 3.471321, 720
SQ, 3.569214, 736
SQ, 3.624557, 752
SQ, 3.407967, 768
SQ, 3.842911, 784
SQ, 3.928734, 800
SQ, 3.959862, 816
SQ, 4.025139, 832
SQ, 4.059341, 848
SQ, 4.109909, 864
SQ, 4.230713, 880
SQ, 4.264923, 896
SQ, 4.379318, 912
SQ, 4.373520, 928
SQ, 4.549118, 944
SQ, 4.423676, 960
SQ, 4.721298, 976
SQ, 4.639236, 992
SQ, 4.839417, 1008
SQ, 4.762299, 1024
SQ, 4.914169, 1040
SQ, 4.887497, 1056
SQ, 5.044373, 1072
SQ, 5.224396, 1088
SQ, 5.210464, 1104
SQ, 5.209641, 1120
SQ, 5.265625, 1136
SQ, 5.334732, 1152
SQ, 5.346710, 1168
SQ, 5.397537, 1184
SQ, 5.523346, 1200
SQ, 5.673996, 1216
SQ, 5.513000, 1232
SQ, 5.711777, 1248
SQ, 5.884094, 1264
SQ, 5.737274, 1280
SQ, 5.897064, 1296
SQ, 6.117004, 1312
SQ, 5.958282, 1328
SQ, 6.048279, 1344
SQ, 6.025482, 1360
SQ, 6.275085, 1376
SQ, 6.372437, 1392
SQ, 6.648132, 1408
SQ, 6.525696, 1424
SQ, 6.529541, 1440
SQ, 7.034149, 1456
SQ, 7.233978, 1472
SQ, 7.228119, 1488
SQ, 7.089722, 1504
SQ, 7.371246, 1520
SQ, 7.637451, 1536
SQ, 7.617676, 1552
SQ, 8.055450, 1568
SQ, 7.875214, 1584
SQ, 8.771820, 1600
SQ, 8.491669, 1616
SQ, 8.422058, 1632
SQ, 8.375336, 1648
SQ, 8.561005, 1664
SQ, 9.080597, 1680
SQ, 8.593079, 1696
SQ, 10.237732, 1712
SQ, 10.492126, 1728
SQ, 10.506897, 1744
SQ, 10.497772, 1760
SQ, 10.475037, 1776
SQ, 11.164612, 1792
SQ, 11.310364, 1808
SQ, 11.186157, 1824
SQ, 11.564697, 1840
SQ, 12.112122, 1856
SQ, 13.485657, 1872
SQ, 13.047668, 1888
SQ, 13.269653, 1904
SQ, 12.783813, 1920
SQ, 13.440857, 1936
SQ, 12.151306, 1952
SQ, 12.724670, 1968
SQ, 12.985840, 1984
SQ, 14.064819, 2000
SQ, 14.142761, 2016
SQ, 14.240295, 2032
SQ, 14.588074, 2048
mono, 0.650412, 16
mono, 0.758837, 32
mono, 0.870619, 48
mono, 0.832948, 64
mono, 0.830027, 80
mono, 0.976281, 96
mono, 1.099645, 112
mono, 1.092483, 128
mono, 1.263886, 144
mono, 1.232009, 160
mono, 1.449891, 176
mono, 1.538525, 192
mono, 1.560366, 208
mono, 1.642555, 224
mono, 1.703945, 240
mono, 1.686207, 256
mono, 1.749964, 272
mono, 1.770828, 288
mono, 1.889664, 304
mono, 1.918797, 320
mono, 1.928883, 336
mono, 1.900955, 352
mono, 1.998028, 368
mono, 2.007675, 384
mono, 2.157158, 400
mono, 2.111248, 416
mono, 2.158504, 432
mono, 2.193340, 448
mono, 2.316284, 464
mono, 2.312977, 480
mono, 2.328514, 496
mono, 2.376461, 512
mono, 2.493149, 528
mono, 2.513828, 544
mono, 2.570114, 560
mono, 2.593575, 576
mono, 2.788300, 592
mono, 2.773544, 608
mono, 2.843468, 624
mono, 2.800156, 640
mono, 3.080429, 656
mono, 3.040237, 672
mono, 3.171875, 688
mono, 3.196724, 704
mono, 3.297630, 720
mono, 3.433655, 736
mono, 3.601837, 752
mono, 3.290016, 768
mono, 3.628548, 784
mono, 3.664085, 800
mono, 3.660446, 816
mono, 3.828972, 832
mono, 3.850433, 848
mono, 3.876312, 864
mono, 3.948448, 880
mono, 3.904327, 896
mono, 4.118042, 912
mono, 4.184448, 928
mono, 4.190765, 944
mono, 4.215469, 960
mono, 4.425873, 976
mono, 4.433777, 992
mono, 4.545090, 1008
mono, 4.467255, 1024
mono, 4.604660, 1040
mono, 4.737991, 1056
mono, 4.726898, 1072
mono, 4.832291, 1088
mono, 4.841431, 1104
mono, 4.873627, 1120
mono, 4.995377, 1136
mono, 5.008789, 1152
mono, 5.082886, 1168
mono, 5.179199, 1184
mono, 5.233871, 1200
mono, 5.272125, 1216
mono, 5.417465, 1232
mono, 5.595108, 1248
mono, 5.522064, 1264
mono, 5.486740, 1280
mono, 5.660797, 1296
mono, 5.554443, 1312
mono, 5.624664, 1328
mono, 5.843658, 1344
mono, 5.769440, 1360
mono, 5.911835, 1376
mono, 5.886414, 1392
mono, 5.814209, 1408
mono, 6.166199, 1424
mono, 6.048370, 1440
mono, 6.151184, 1456
mono, 6.154694, 1472
mono, 6.074646, 1488
mono, 6.508911, 1504
mono, 6.824829, 1520
mono, 8.543671, 1536
mono, 7.713898, 1552
mono, 8.234863, 1568
mono, 9.661652, 1584
mono, 9.982147, 1600
mono, 9.620575, 1616
mono, 9.984192, 1632
mono, 10.319733, 1648
mono, 10.583160, 1664
mono, 10.074890, 1680
mono, 10.150848, 1696
mono, 9.630768, 1712
mono, 10.452667, 1728
mono, 10.820465, 1744
mono, 9.620605, 1760
mono, 10.326233, 1776
mono, 11.046204, 1792
mono, 10.566650, 1808
mono, 11.167358, 1824
mono, 11.250244, 1840
mono, 12.216675, 1856
mono, 11.270386, 1872
mono, 12.089233, 1888
mono, 12.290100, 1904
mono, 11.831970, 1920
mono, 13.047668, 1936
mono, 12.973083, 1952
mono, 11.929321, 1968
mono, 12.087158, 1984
mono, 13.073242, 2000
mono, 13.050354, 2016
mono, 13.199463, 2032
mono, 13.235596, 2048
sliced, 0.696215, 16
sliced, 0.936520, 32
sliced, 0.944660, 48
sliced, 1.148590, 64
sliced, 1.070497, 80
sliced, 1.256729, 96
sliced, 1.237581, 112
sliced, 1.423354, 128
sliced, 1.356294, 144
sliced, 1.527536, 160
sliced, 1.721394, 176
sliced, 1.757007, 192
sliced, 1.804135, 208
sliced, 1.885769, 224
sliced, 1.989914, 240
sliced, 1.938696, 256
sliced, 2.027784, 272
sliced, 2.087536, 288
sliced, 2.147467, 304
sliced, 2.204445, 320
sliced, 2.129158, 336
sliced, 2.133060, 352
sliced, 2.250999, 368
sliced, 2.239040, 384
sliced, 2.435547, 400
sliced, 2.381092, 416
sliced, 2.515907, 432
sliced, 2.435875, 448
sliced, 2.571320, 464
sliced, 2.616081, 480
sliced, 2.662842, 496
sliced, 2.651276, 512
sliced, 2.785782, 528
sliced, 2.730202, 544
sliced, 2.917221, 560
sliced, 2.851013, 576
sliced, 3.048569, 592
sliced, 3.017021, 608
sliced, 3.170601, 624
sliced, 3.101746, 640
sliced, 3.330276, 656
sliced, 3.391296, 672
sliced, 3.535248, 688
sliced, 3.528763, 704
sliced, 3.680183, 720
sliced, 3.719048, 736
sliced, 3.855438, 752
sliced, 3.793137, 768
sliced, 3.929222, 784
sliced, 3.992874, 800
sliced, 4.169815, 816
sliced, 4.133087, 832
sliced, 4.217407, 848
sliced, 4.244385, 864
sliced, 4.272720, 880
sliced, 4.423233, 896
sliced, 4.520020, 912
sliced, 4.479019, 928
sliced, 4.685791, 944
sliced, 4.614731, 960
sliced, 5.299744, 976
sliced, 5.277618, 992
sliced, 5.294586, 1008
sliced, 5.157227, 1024
sliced, 5.047577, 1040
sliced, 5.079376, 1056
sliced, 5.327713, 1072
sliced, 5.230682, 1088
sliced, 5.819611, 1104
sliced, 5.458878, 1120
sliced, 5.543549, 1136
sliced, 5.609207, 1152
sliced, 5.578751, 1168
sliced, 5.729675, 1184
sliced, 6.207367, 1200
sliced, 5.813599, 1216
sliced, 6.362183, 1232
sliced, 6.500427, 1248
sliced, 6.356842, 1264
sliced, 6.277069, 1280
sliced, 6.205048, 1296
sliced, 6.074524, 1312
sliced, 6.369385, 1328
sliced, 6.605743, 1344
sliced, 6.869293, 1360
sliced, 7.135132, 1376
sliced, 7.077698, 1392
sliced, 7.135132, 1408
sliced, 7.420319, 1424
sliced, 7.487305, 1440
sliced, 7.531799, 1456
sliced, 7.392700, 1472
sliced, 7.850708, 1488
sliced, 7.681122, 1504
sliced, 8.073364, 1520
sliced, 7.587219, 1536
sliced, 8.245697, 1552
sliced, 8.584625, 1568
sliced, 8.253510, 1584
sliced, 8.514771, 1600
sliced, 9.721558, 1616
sliced, 9.346985, 1632
sliced, 9.278290, 1648
sliced, 9.801910, 1664
sliced, 9.840881, 1680
sliced, 10.194031, 1696
sliced, 10.070923, 1712
sliced, 10.631287, 1728
sliced, 10.984741, 1744
sliced, 11.223328, 1760
sliced, 11.281494, 1776
sliced, 10.547607, 1792
sliced, 12.635437, 1808
sliced, 11.551331, 1824
sliced, 10.692566, 1840
sliced, 10.583435, 1856
sliced, 11.143433, 1872
sliced, 11.033691, 1888
sliced, 11.871338, 1904
sliced, 11.771423, 1920
sliced, 13.050415, 1936
sliced, 11.592102, 1952
sliced, 14.139893, 1968
sliced, 12.395081, 1984
sliced, 12.392883, 2000
sliced, 13.517456, 2016
sliced, 14.630920, 2032
sliced, 13.308655, 2048
SQ, 0.745991, 16
SQ, 0.901028, 32
SQ, 0.978565, 48
SQ, 0.975014, 64
SQ, 1.020386, 80
SQ, 1.047510, 96
SQ, 1.091024, 112
SQ, 1.113842, 128
SQ, 1.223484, 144
SQ, 1.290959, 160
SQ, 1.727778, 176
SQ, 1.635691, 192
SQ, 1.817082, 208
SQ, 1.805378, 224
SQ, 1.906687, 240
SQ, 1.828596, 256
SQ, 2.003477, 272
SQ, 2.074057, 288
SQ, 1.975475, 304
SQ, 2.027569, 320
SQ, 1.969004, 336
SQ, 2.076199, 352
SQ, 2.162189, 368
SQ, 2.033314, 384
SQ, 2.263664, 400
SQ, 2.314751, 416
SQ, 2.454849, 432
SQ, 2.340210, 448
SQ, 2.466827, 464
SQ, 2.498806, 480
SQ, 2.485981, 496
SQ, 2.458485, 512
SQ, 2.577099, 528
SQ, 2.656288, 544
SQ, 2.744141, 560
SQ, 2.805367, 576
SQ, 2.909157, 592
SQ, 2.954575, 608
SQ, 3.103668, 624
SQ, 2.901695, 640
SQ, 3.236649, 656
SQ, 3.261223, 672
SQ, 3.360619, 688
SQ, 3.340027, 704
SQ, 3.541191, 720
SQ, 3.546066, 736
SQ, 3.681541, 752
SQ, 3.517418, 768
SQ, 3.887878, 784
SQ, 3.874405, 800
SQ, 3.991486, 816
SQ, 3.968872, 832
SQ, 4.067390, 848
SQ, 4.059189, 864
SQ, 4.191681, 880
SQ, 4.156219, 896
SQ, 4.344589, 912
SQ, 4.437103, 928
SQ, 4.448547, 944
SQ, 4.558304, 960
SQ, 4.664078, 976
SQ, 4.773071, 992
SQ, 4.783798, 1008
SQ, 4.778458, 1024
SQ, 4.874283, 1040
SQ, 4.916855, 1056
SQ, 5.108002, 1072
SQ, 5.191391, 1088
SQ, 5.327896, 1104
SQ, 5.253052, 1120
SQ, 5.276810, 1136
SQ, 5.589584, 1152
SQ, 5.579666, 1168
SQ, 5.513092, 1184
SQ, 5.559631, 1200
SQ, 5.690002, 1216
SQ, 5.646957, 1232
SQ, 5.762253, 1248
SQ, 5.810577, 1264
SQ, 5.864380, 1280
SQ, 6.107910, 1296
SQ, 6.369781, 1312
SQ, 6.090454, 1328
SQ, 6.452515, 1344
SQ, 6.588287, 1360
SQ, 6.812103, 1376
SQ, 6.893799, 1392
SQ, 6.960052, 1408
SQ, 6.721649, 1424
SQ, 6.809509, 1440
SQ, 6.835388, 1456
SQ, 6.831573, 1472
SQ, 7.123444, 1488
SQ, 7.291229, 1504
SQ, 7.580780, 1520
SQ, 7.851501, 1536
SQ, 7.291565, 1552
SQ, 8.014923, 1568
SQ, 7.916748, 1584
SQ, 8.497284, 1600
SQ, 8.884064, 1616
SQ, 8.672516, 1632
SQ, 8.953857, 1648
SQ, 8.770355, 1664
SQ, 9.090607, 1680
SQ, 8.692261, 1696
SQ, 9.039001, 1712
SQ, 9.681213, 1728
SQ, 9.162811, 1744
SQ, 9.522583, 1760
SQ, 10.046082, 1776
SQ, 10.181763, 1792
SQ, 11.964355, 1808
SQ, 11.794922, 1824
SQ, 10.768921, 1840
SQ, 11.317383, 1856
SQ, 12.187622, 1872
SQ, 12.021973, 1888
SQ, 12.172668, 1904
SQ, 12.023865, 1920
SQ, 13.402283, 1936
SQ, 12.985291, 1952
SQ, 13.237854, 1968
SQ, 13.135315, 1984
SQ, 13.877075, 2000
SQ, 13.208679, 2016
SQ, 14.165955, 2032
SQ, 14.426514, 2048
