array_type,time,element_size,8
base, 0.015132, 16
mono, 0.017958, 16, 274516186128
sliced, 0.017510, 16, 271358923792
SQ, 0.021491, 16, 226626671632
HAT, 0.018739, 16, 264448807952
MSarray_2, 0.016390, 16, 274094658576
MSarray_3, 0.017329, 16, 274517234704
MSarray_4, 0.021239, 16, 274518283280
base, 0.016897, 32
mono, 0.016910, 32, 274907402276
sliced, 0.019773, 32, 261992091684
SQ, 0.027506, 32, 254526230564
HAT, 0.018149, 32, 269805031460
MSarray_2, 0.021171, 32, 274907402276
MSarray_3, 0.025688, 32, 274906353700
MSarray_4, 0.019530, 32, 274907402276
base, 0.019768, 48
mono, 0.016981, 48, 0
sliced, 0.018389, 48, 0
SQ, 0.025828, 48, 0
HAT, 0.025858, 48, 0
MSarray_2, 0.023319, 48, 0
MSarray_3, 0.023517, 48, 0
MSarray_4, 0.024396, 48, 0
base, 0.017687, 64
mono, 0.025676, 64, 274715378688
sliced, 0.022450, 64, 256038142976
SQ, 0.032769, 64, 274719572992
HAT, 0.024376, 64, 274715378688
MSarray_2, 0.022579, 64, 274718524416
MSarray_3, 0.025958, 64, 274714330112
MSarray_4, 0.024768, 64, 274715378688
base, 0.025379, 80
mono, 0.021520, 80, 0
sliced, 0.026325, 80, 0
SQ, 0.030614, 80, 0
HAT, 0.029573, 80, 0
MSarray_2, 0.031505, 80, 0
MSarray_3, 0.032155, 80, 0
MSarray_4, 0.027533, 80, 0
base, 0.028265, 96
mono, 0.024579, 96, 0
sliced, 0.026157, 96, 0
SQ, 0.036973, 96, 0
HAT, 0.033485, 96, 0
MSarray_2, 0.030943, 96, 0
MSarray_3, 0.032915, 96, 0
MSarray_4, 0.028230, 96, 0
base, 0.020884, 112
mono, 0.017884, 112, 0
sliced, 0.033475, 112, 0
SQ, 0.024435, 112, 0
HAT, 0.025732, 112, 0
MSarray_2, 0.023768, 112, 0
MSarray_3, 0.038669, 112, 0
MSarray_4, 0.028100, 112, 0
base, 0.020562, 128
mono, 0.020915, 128, 0
sliced, 0.021515, 128, 0
SQ, 0.037594, 128, 0
HAT, 0.020573, 128, 0
MSarray_2, 0.023211, 128, 0
MSarray_3, 0.024243, 128, 0
MSarray_4, 0.029825, 128, 0
base, 0.019825, 144
mono, 0.023974, 144, 0
sliced, 0.031729, 144, 0
SQ, 0.021430, 144, 0
HAT, 0.020774, 144, 0
MSarray_2, 0.023272, 144, 0
MSarray_3, 0.032148, 144, 0
MSarray_4, 0.028975, 144, 0
base, 0.017968, 160
mono, 0.028189, 160, 0
sliced, 0.024338, 160, 0
SQ, 0.029710, 160, 0
HAT, 0.024589, 160, 0
MSarray_2, 0.023060, 160, 0
MSarray_3, 0.035874, 160, 0
MSarray_4, 0.031931, 160, 0
base, 0.019727, 176
mono, 0.022428, 176, 0
sliced, 0.038759, 176, 0
SQ, 0.022252, 176, 0
HAT, 0.027535, 176, 0
MSarray_2, 0.028262, 176, 0
MSarray_3, 0.056370, 176, 0
MSarray_4, 0.037656, 176, 0
base, 0.026848, 192
mono, 0.032962, 192, 0
sliced, 0.030429, 192, 0
SQ, 0.038304, 192, 0
HAT, 0.033119, 192, 0
MSarray_2, 0.047555, 192, 0
MSarray_3, 0.054236, 192, 0
MSarray_4, 0.040875, 192, 0
base, 0.033038, 208
mono, 0.028745, 208, 0
sliced, 0.041954, 208, 0
SQ, 0.024746, 208, 0
HAT, 0.023246, 208, 0
MSarray_2, 0.023008, 208, 0
MSarray_3, 0.023991, 208, 0
MSarray_4, 0.024017, 208, 0
base, 0.017064, 224
mono, 0.022990, 224, 0
sliced, 0.026828, 224, 0
SQ, 0.030895, 224, 0
HAT, 0.020922, 224, 0
MSarray_2, 0.022189, 224, 0
MSarray_3, 0.022894, 224, 0
MSarray_4, 0.023958, 224, 0
base, 0.022216, 240
mono, 0.023133, 240, 0
sliced, 0.022413, 240, 0
SQ, 0.031489, 240, 0
HAT, 0.021573, 240, 0
MSarray_2, 0.021333, 240, 0
MSarray_3, 0.028085, 240, 0
MSarray_4, 0.024374, 240, 0
base, 0.020870, 256
mono, 0.024857, 256, 0
sliced, 0.019470, 256, 0
SQ, 0.033919, 256, 0
HAT, 0.020447, 256, 0
MSarray_2, 0.020541, 256, 0
MSarray_3, 0.024860, 256, 0
MSarray_4, 0.023858, 256, 0
base, 0.015703, 272
mono, 0.022791, 272, 0
sliced, 0.022063, 272, 0
SQ, 0.023172, 272, 0
HAT, 0.020564, 272, 0
MSarray_2, 0.022745, 272, 0
MSarray_3, 0.023837, 272, 0
MSarray_4, 0.028584, 272, 0
base, 0.022019, 288
mono, 0.019394, 288, 0
sliced, 0.026404, 288, 0
SQ, 0.035767, 288, 0
HAT, 0.019664, 288, 0
MSarray_2, 0.021937, 288, 0
MSarray_3, 0.023706, 288, 0
MSarray_4, 0.028639, 288, 0
base, 0.024051, 304
mono, 0.020164, 304, 0
sliced, 0.020207, 304, 0
SQ, 0.032996, 304, 0
HAT, 0.020787, 304, 0
MSarray_2, 0.021204, 304, 0
MSarray_3, 0.024618, 304, 0
MSarray_4, 0.029643, 304, 0
base, 0.019003, 320
mono, 0.022863, 320, 0
sliced, 0.021966, 320, 0
SQ, 0.024544, 320, 0
HAT, 0.020558, 320, 0
MSarray_2, 0.021194, 320, 0
MSarray_3, 0.024144, 320, 0
MSarray_4, 0.031221, 320, 0
base, 0.017181, 336
mono, 0.020209, 336, 0
sliced, 0.025440, 336, 0
SQ, 0.024420, 336, 0
HAT, 0.020767, 336, 0
MSarray_2, 0.021256, 336, 0
MSarray_3, 0.024210, 336, 0
MSarray_4, 0.029057, 336, 0
base, 0.015640, 352
mono, 0.021596, 352, 0
sliced, 0.021074, 352, 0
SQ, 0.023694, 352, 0
HAT, 0.020659, 352, 0
MSarray_2, 0.021382, 352, 0
MSarray_3, 0.024792, 352, 0
MSarray_4, 0.029073, 352, 0
base, 0.020872, 368
mono, 0.019219, 368, 0
sliced, 0.023365, 368, 0
SQ, 0.024217, 368, 0
HAT, 0.021069, 368, 0
MSarray_2, 0.021391, 368, 0
MSarray_3, 0.025246, 368, 0
MSarray_4, 0.040263, 368, 0
base, 0.018608, 384
mono, 0.020298, 384, 0
sliced, 0.021517, 384, 0
SQ, 0.025244, 384, 0
HAT, 0.020956, 384, 0
MSarray_2, 0.026161, 384, 0
MSarray_3, 0.025394, 384, 0
MSarray_4, 0.031999, 384, 0
base, 0.021288, 400
mono, 0.021352, 400, 0
sliced, 0.026203, 400, 0
SQ, 0.026210, 400, 0
HAT, 0.023629, 400, 0
MSarray_2, 0.022282, 400, 0
MSarray_3, 0.024878, 400, 0
MSarray_4, 0.031790, 400, 0
base, 0.018864, 416
mono, 0.021199, 416, 0
sliced, 0.022169, 416, 0
SQ, 0.027270, 416, 0
HAT, 0.022211, 416, 0
MSarray_2, 0.023345, 416, 0
MSarray_3, 0.025602, 416, 0
MSarray_4, 0.031787, 416, 0
base, 0.021910, 432
mono, 0.022387, 432, 0
sliced, 0.021226, 432, 0
SQ, 0.028437, 432, 0
HAT, 0.021581, 432, 0
MSarray_2, 0.026514, 432, 0
MSarray_3, 0.025510, 432, 0
MSarray_4, 0.032777, 432, 0
base, 0.021978, 448
mono, 0.022045, 448, 0
sliced, 0.023732, 448, 0
SQ, 0.026541, 448, 0
HAT, 0.022353, 448, 0
MSarray_2, 0.023336, 448, 0
MSarray_3, 0.025809, 448, 0
MSarray_4, 0.032915, 448, 0
base, 0.019175, 464
mono, 0.022425, 464, 0
sliced, 0.024325, 464, 0
SQ, 0.027921, 464, 0
HAT, 0.022001, 464, 0
MSarray_2, 0.023618, 464, 0
MSarray_3, 0.026284, 464, 0
MSarray_4, 0.036018, 464, 0
base, 0.020072, 480
mono, 0.021519, 480, 0
sliced, 0.023769, 480, 0
SQ, 0.026200, 480, 0
HAT, 0.021989, 480, 0
MSarray_2, 0.026015, 480, 0
MSarray_3, 0.026052, 480, 0
MSarray_4, 0.035779, 480, 0
base, 0.021947, 496
mono, 0.022966, 496, 0
sliced, 0.024180, 496, 0
SQ, 0.027070, 496, 0
HAT, 0.022479, 496, 0
MSarray_2, 0.022944, 496, 0
MSarray_3, 0.026476, 496, 0
MSarray_4, 0.037890, 496, 0
base, 0.018601, 512
mono, 0.021974, 512, 0
sliced, 0.023608, 512, 0
SQ, 0.026360, 512, 0
HAT, 0.021228, 512, 0
MSarray_2, 0.035364, 512, 0
MSarray_3, 0.026298, 512, 0
MSarray_4, 0.033958, 512, 0
base, 0.027604, 528
mono, 0.022568, 528, 0
sliced, 0.024657, 528, 0
SQ, 0.027090, 528, 0
HAT, 0.021899, 528, 0
MSarray_2, 0.022747, 528, 0
MSarray_3, 0.029453, 528, 0
MSarray_4, 0.035578, 528, 0
base, 0.020660, 544
mono, 0.022295, 544, 0
sliced, 0.025051, 544, 0
SQ, 0.027072, 544, 0
HAT, 0.022084, 544, 0
MSarray_2, 0.022028, 544, 0
MSarray_3, 0.028039, 544, 0
MSarray_4, 0.036808, 544, 0
base, 0.020135, 560
mono, 0.022964, 560, 0
sliced, 0.024598, 560, 0
SQ, 0.025426, 560, 0
HAT, 0.023027, 560, 0
MSarray_2, 0.023502, 560, 0
MSarray_3, 0.029318, 560, 0
MSarray_4, 0.037627, 560, 0
base, 0.023195, 576
mono, 0.022321, 576, 0
sliced, 0.024354, 576, 0
SQ, 0.028130, 576, 0
HAT, 0.023332, 576, 0
MSarray_2, 0.030109, 576, 0
MSarray_3, 0.028948, 576, 0
MSarray_4, 0.036159, 576, 0
base, 0.022240, 592
mono, 0.023451, 592, 0
sliced, 0.024470, 592, 0
SQ, 0.028341, 592, 0
HAT, 0.022314, 592, 0
MSarray_2, 0.023659, 592, 0
MSarray_3, 0.029202, 592, 0
MSarray_4, 0.037721, 592, 0
base, 0.020193, 608
mono, 0.023049, 608, 0
sliced, 0.025526, 608, 0
SQ, 0.027488, 608, 0
HAT, 0.021451, 608, 0
MSarray_2, 0.021206, 608, 0
MSarray_3, 0.030291, 608, 0
MSarray_4, 0.038399, 608, 0
base, 0.020792, 624
mono, 0.022847, 624, 0
sliced, 0.025334, 624, 0
SQ, 0.028381, 624, 0
HAT, 0.022056, 624, 0
MSarray_2, 0.023686, 624, 0
MSarray_3, 0.032567, 624, 0
MSarray_4, 0.039461, 624, 0
base, 0.021150, 640
mono, 0.023315, 640, 0
sliced, 0.025475, 640, 0
SQ, 0.026824, 640, 0
HAT, 0.022594, 640, 0
MSarray_2, 0.020637, 640, 0
MSarray_3, 0.028691, 640, 0
MSarray_4, 0.039145, 640, 0
base, 0.020879, 656
mono, 0.021614, 656, 0
sliced, 0.026746, 656, 0
SQ, 0.028383, 656, 0
HAT, 0.022591, 656, 0
MSarray_2, 0.023981, 656, 0
MSarray_3, 0.031491, 656, 0
MSarray_4, 0.040547, 656, 0
base, 0.021472, 672
mono, 0.024064, 672, 0
sliced, 0.025920, 672, 0
SQ, 0.028754, 672, 0
HAT, 0.023355, 672, 0
MSarray_2, 0.021617, 672, 0
MSarray_3, 0.030421, 672, 0
MSarray_4, 0.040309, 672, 0
base, 0.022431, 688
mono, 0.023596, 688, 0
sliced, 0.026582, 688, 0
SQ, 0.029470, 688, 0
HAT, 0.023702, 688, 0
MSarray_2, 0.023178, 688, 0
MSarray_3, 0.030140, 688, 0
MSarray_4, 0.044608, 688, 0
base, 0.023065, 704
mono, 0.026492, 704, 0
sliced, 0.027225, 704, 0
SQ, 0.031221, 704, 0
HAT, 0.025978, 704, 0
MSarray_2, 0.022867, 704, 0
MSarray_3, 0.031682, 704, 0
MSarray_4, 0.044136, 704, 0
base, 0.039686, 720
mono, 0.025261, 720, 0
sliced, 0.027628, 720, 0
SQ, 0.029254, 720, 0
HAT, 0.023676, 720, 0
MSarray_2, 0.023864, 720, 0
MSarray_3, 0.030895, 720, 0
MSarray_4, 0.041444, 720, 0
base, 0.021162, 736
mono, 0.024454, 736, 0
sliced, 0.027675, 736, 0
SQ, 0.028662, 736, 0
HAT, 0.024162, 736, 0
MSarray_2, 0.021486, 736, 0
MSarray_3, 0.033069, 736, 0
MSarray_4, 0.042028, 736, 0
base, 0.022812, 752
mono, 0.024811, 752, 0
sliced, 0.028633, 752, 0
SQ, 0.030866, 752, 0
HAT, 0.024669, 752, 0
MSarray_2, 0.022796, 752, 0
MSarray_3, 0.031033, 752, 0
MSarray_4, 0.043773, 752, 0
base, 0.022964, 768
mono, 0.025169, 768, 0
sliced, 0.027728, 768, 0
SQ, 0.030140, 768, 0
HAT, 0.023454, 768, 0
MSarray_2, 0.022808, 768, 0
MSarray_3, 0.030637, 768, 0
MSarray_4, 0.044452, 768, 0
base, 0.022277, 784
mono, 0.026288, 784, 0
sliced, 0.027762, 784, 0
SQ, 0.030951, 784, 0
HAT, 0.025415, 784, 0
MSarray_2, 0.024850, 784, 0
MSarray_3, 0.033039, 784, 0
MSarray_4, 0.052174, 784, 0
base, 0.021908, 800
mono, 0.028195, 800, 0
sliced, 0.028570, 800, 0
SQ, 0.031561, 800, 0
HAT, 0.026077, 800, 0
MSarray_2, 0.022572, 800, 0
MSarray_3, 0.031728, 800, 0
MSarray_4, 0.043962, 800, 0
base, 0.022381, 816
mono, 0.027285, 816, 0
sliced, 0.028987, 816, 0
SQ, 0.033879, 816, 0
HAT, 0.024832, 816, 0
MSarray_2, 0.023458, 816, 0
MSarray_3, 0.033662, 816, 0
MSarray_4, 0.044124, 816, 0
base, 0.022644, 832
mono, 0.027291, 832, 0
sliced, 0.028453, 832, 0
SQ, 0.030917, 832, 0
HAT, 0.023842, 832, 0
MSarray_2, 0.029050, 832, 0
MSarray_3, 0.031955, 832, 0
MSarray_4, 0.044155, 832, 0
base, 0.024359, 848
mono, 0.027579, 848, 0
sliced, 0.030554, 848, 0
SQ, 0.032399, 848, 0
HAT, 0.025532, 848, 0
MSarray_2, 0.022642, 848, 0
MSarray_3, 0.032343, 848, 0
MSarray_4, 0.046383, 848, 0
base, 0.024786, 864
mono, 0.025693, 864, 0
sliced, 0.027958, 864, 0
SQ, 0.030973, 864, 0
HAT, 0.024183, 864, 0
MSarray_2, 0.030704, 864, 0
MSarray_3, 0.032837, 864, 0
MSarray_4, 0.046480, 864, 0
base, 0.023507, 880
mono, 0.028666, 880, 0
sliced, 0.027149, 880, 0
SQ, 0.031892, 880, 0
HAT, 0.023561, 880, 0
MSarray_2, 0.021643, 880, 0
MSarray_3, 0.032911, 880, 0
MSarray_4, 0.046129, 880, 0
base, 0.023108, 896
mono, 0.026129, 896, 0
sliced, 0.028692, 896, 0
SQ, 0.032155, 896, 0
HAT, 0.024409, 896, 0
MSarray_2, 0.022830, 896, 0
MSarray_3, 0.033134, 896, 0
MSarray_4, 0.045780, 896, 0
base, 0.023548, 912
mono, 0.027700, 912, 0
sliced, 0.028554, 912, 0
SQ, 0.032667, 912, 0
HAT, 0.024430, 912, 0
MSarray_2, 0.022937, 912, 0
MSarray_3, 0.033335, 912, 0
MSarray_4, 0.048525, 912, 0
base, 0.023792, 928
mono, 0.026473, 928, 0
sliced, 0.031851, 928, 0
SQ, 0.031063, 928, 0
HAT, 0.024445, 928, 0
MSarray_2, 0.021618, 928, 0
MSarray_3, 0.033417, 928, 0
MSarray_4, 0.049045, 928, 0
base, 0.025673, 944
mono, 0.026901, 944, 0
sliced, 0.028866, 944, 0
SQ, 0.032920, 944, 0
HAT, 0.025100, 944, 0
MSarray_2, 0.021764, 944, 0
MSarray_3, 0.033735, 944, 0
MSarray_4, 0.048757, 944, 0
base, 0.024136, 960
mono, 0.027972, 960, 0
sliced, 0.028777, 960, 0
SQ, 0.033641, 960, 0
HAT, 0.025668, 960, 0
MSarray_2, 0.023854, 960, 0
MSarray_3, 0.034144, 960, 0
MSarray_4, 0.047734, 960, 0
base, 0.024100, 976
mono, 0.028089, 976, 0
sliced, 0.031707, 976, 0
SQ, 0.033279, 976, 0
HAT, 0.025025, 976, 0
MSarray_2, 0.021691, 976, 0
MSarray_3, 0.033849, 976, 0
MSarray_4, 0.052978, 976, 0
base, 0.023415, 992
mono, 0.028520, 992, 0
sliced, 0.029359, 992, 0
SQ, 0.032280, 992, 0
HAT, 0.025566, 992, 0
MSarray_2, 0.025197, 992, 0
MSarray_3, 0.034603, 992, 0
MSarray_4, 0.052429, 992, 0
base, 0.023100, 1008
mono, 0.028754, 1008, 0
sliced, 0.032258, 1008, 0
SQ, 0.033226, 1008, 0
HAT, 0.026959, 1008, 0
MSarray_2, 0.024157, 1008, 0
MSarray_3, 0.039491, 1008, 0
MSarray_4, 0.052158, 1008, 0
base, 0.024626, 1024
mono, 0.028298, 1024, 0
sliced, 0.029046, 1024, 0
SQ, 0.032204, 1024, 0
HAT, 0.024699, 1024, 0
MSarray_2, 0.021415, 1024, 0
MSarray_3, 0.036865, 1024, 0
MSarray_4, 0.049295, 1024, 0
base, 0.024601, 1040
mono, 0.029439, 1040, 0
sliced, 0.030479, 1040, 0
SQ, 0.033504, 1040, 0
HAT, 0.025401, 1040, 0
MSarray_2, 0.024052, 1040, 0
MSarray_3, 0.037212, 1040, 0
MSarray_4, 0.056204, 1040, 0
base, 0.026521, 1056
mono, 0.029684, 1056, 0
sliced, 0.029070, 1056, 0
SQ, 0.033361, 1056, 0
HAT, 0.028148, 1056, 0
MSarray_2, 0.023860, 1056, 0
MSarray_3, 0.036536, 1056, 0
MSarray_4, 0.052948, 1056, 0
base, 0.026896, 1072
mono, 0.028743, 1072, 0
sliced, 0.028971, 1072, 0
SQ, 0.034230, 1072, 0
HAT, 0.025556, 1072, 0
MSarray_2, 0.022576, 1072, 0
MSarray_3, 0.035733, 1072, 0
MSarray_4, 0.054978, 1072, 0
base, 0.025328, 1088
mono, 0.028641, 1088, 0
sliced, 0.029336, 1088, 0
SQ, 0.033673, 1088, 0
HAT, 0.026019, 1088, 0
MSarray_2, 0.030862, 1088, 0
MSarray_3, 0.035852, 1088, 0
MSarray_4, 0.056810, 1088, 0
base, 0.027400, 1104
mono, 0.028860, 1104, 0
sliced, 0.031757, 1104, 0
SQ, 0.034157, 1104, 0
HAT, 0.026425, 1104, 0
MSarray_2, 0.021839, 1104, 0
MSarray_3, 0.036018, 1104, 0
MSarray_4, 0.052205, 1104, 0
base, 0.029006, 1120
mono, 0.029535, 1120, 0
sliced, 0.030824, 1120, 0
SQ, 0.034642, 1120, 0
HAT, 0.028168, 1120, 0
MSarray_2, 0.025246, 1120, 0
MSarray_3, 0.036275, 1120, 0
MSarray_4, 0.051893, 1120, 0
base, 0.025573, 1136
mono, 0.032237, 1136, 0
sliced, 0.030884, 1136, 0
SQ, 0.031854, 1136, 0
HAT, 0.026711, 1136, 0
MSarray_2, 0.028149, 1136, 0
MSarray_3, 0.037271, 1136, 0
MSarray_4, 0.053793, 1136, 0
base, 0.025245, 1152
mono, 0.027076, 1152, 0
sliced, 0.029657, 1152, 0
SQ, 0.032509, 1152, 0
HAT, 0.025193, 1152, 0
MSarray_2, 0.022339, 1152, 0
MSarray_3, 0.035567, 1152, 0
MSarray_4, 0.053214, 1152, 0
base, 0.026021, 1168
mono, 0.029655, 1168, 0
sliced, 0.031236, 1168, 0
SQ, 0.034242, 1168, 0
HAT, 0.025885, 1168, 0
MSarray_2, 0.023877, 1168, 0
MSarray_3, 0.037515, 1168, 0
MSarray_4, 0.056086, 1168, 0
base, 0.026391, 1184
mono, 0.030183, 1184, 0
sliced, 0.031048, 1184, 0
SQ, 0.034176, 1184, 0
HAT, 0.026958, 1184, 0
MSarray_2, 0.023179, 1184, 0
MSarray_3, 0.039895, 1184, 0
MSarray_4, 0.055713, 1184, 0
base, 0.026506, 1200
mono, 0.029939, 1200, 0
sliced, 0.032290, 1200, 0
SQ, 0.034356, 1200, 0
HAT, 0.026784, 1200, 0
MSarray_2, 0.023974, 1200, 0
MSarray_3, 0.043870, 1200, 0
MSarray_4, 0.113399, 1200, 0
base, 0.027579, 1216
mono, 0.029421, 1216, 0
sliced, 0.030389, 1216, 0
SQ, 0.032591, 1216, 0
HAT, 0.026766, 1216, 0
MSarray_2, 0.021932, 1216, 0
MSarray_3, 0.038364, 1216, 0
MSarray_4, 0.061370, 1216, 0
base, 0.026924, 1232
mono, 0.028604, 1232, 0
sliced, 0.032234, 1232, 0
SQ, 0.035821, 1232, 0
HAT, 0.026433, 1232, 0
MSarray_2, 0.024024, 1232, 0
MSarray_3, 0.040359, 1232, 0
MSarray_4, 0.062359, 1232, 0
base, 0.027401, 1248
mono, 0.031002, 1248, 0
sliced, 0.032201, 1248, 0
SQ, 0.035202, 1248, 0
HAT, 0.027271, 1248, 0
MSarray_2, 0.024458, 1248, 0
MSarray_3, 0.038381, 1248, 0
MSarray_4, 0.065857, 1248, 0
base, 0.028128, 1264
mono, 0.029472, 1264, 0
sliced, 0.032743, 1264, 0
SQ, 0.035703, 1264, 0
HAT, 0.027881, 1264, 0
MSarray_2, 0.031028, 1264, 0
MSarray_3, 0.040020, 1264, 0
MSarray_4, 0.062309, 1264, 0
base, 0.027369, 1280
mono, 0.029846, 1280, 0
sliced, 0.031191, 1280, 0
SQ, 0.036656, 1280, 0
HAT, 0.026391, 1280, 0
MSarray_2, 0.025217, 1280, 0
MSarray_3, 0.040345, 1280, 0
MSarray_4, 0.120815, 1280, 0
base, 0.027736, 1296
mono, 0.031670, 1296, 0
sliced, 0.034206, 1296, 0
SQ, 0.034085, 1296, 0
HAT, 0.027354, 1296, 0
MSarray_2, 0.024861, 1296, 0
MSarray_3, 0.038698, 1296, 0
MSarray_4, 0.116928, 1296, 0
base, 0.027449, 1312
mono, 0.034115, 1312, 0
sliced, 0.031128, 1312, 0
SQ, 0.035972, 1312, 0
HAT, 0.027311, 1312, 0
MSarray_2, 0.023707, 1312, 0
MSarray_3, 0.040400, 1312, 0
MSarray_4, 0.139228, 1312, 0
base, 0.027008, 1328
mono, 0.034944, 1328, 0
sliced, 0.033629, 1328, 0
SQ, 0.034006, 1328, 0
HAT, 0.027278, 1328, 0
MSarray_2, 0.038253, 1328, 0
MSarray_3, 0.041027, 1328, 0
MSarray_4, 0.115278, 1328, 0
base, 0.026557, 1344
mono, 0.028796, 1344, 0
sliced, 0.032925, 1344, 0
SQ, 0.035523, 1344, 0
HAT, 0.027407, 1344, 0
MSarray_2, 0.024139, 1344, 0
MSarray_3, 0.041616, 1344, 0
MSarray_4, 0.122150, 1344, 0
base, 0.030362, 1360
mono, 0.031956, 1360, 0
sliced, 0.036914, 1360, 0
SQ, 0.036677, 1360, 0
HAT, 0.028484, 1360, 0
MSarray_2, 0.023043, 1360, 0
MSarray_3, 0.042904, 1360, 0
MSarray_4, 0.112156, 1360, 0
base, 0.027837, 1376
mono, 0.029698, 1376, 0
sliced, 0.030415, 1376, 0
SQ, 0.037356, 1376, 0
HAT, 0.029322, 1376, 0
MSarray_2, 0.023908, 1376, 0
MSarray_3, 0.041939, 1376, 0
MSarray_4, 0.123180, 1376, 0
base, 0.025212, 1392
mono, 0.029619, 1392, 0
sliced, 0.032522, 1392, 0
SQ, 0.035481, 1392, 0
HAT, 0.028117, 1392, 0
MSarray_2, 0.026635, 1392, 0
MSarray_3, 0.041165, 1392, 0
MSarray_4, 0.130019, 1392, 0
base, 0.027625, 1408
mono, 0.028512, 1408, 0
sliced, 0.030386, 1408, 0
SQ, 0.035251, 1408, 0
HAT, 0.028072, 1408, 0
MSarray_2, 0.021342, 1408, 0
MSarray_3, 0.041097, 1408, 0
MSarray_4, 0.150830, 1408, 0
base, 0.029294, 1424
mono, 0.028482, 1424, 0
sliced, 0.030849, 1424, 0
SQ, 0.033945, 1424, 0
HAT, 0.028261, 1424, 0
MSarray_2, 0.022947, 1424, 0
MSarray_3, 0.041719, 1424, 0
MSarray_4, 0.182656, 1424, 0
base, 0.013541, 1440
mono, 0.015979, 1440, 0
sliced, 0.017544, 1440, 0
SQ, 0.020297, 1440, 0
HAT, 0.017159, 1440, 0
MSarray_2, 0.038719, 1440, 0
MSarray_3, 0.042612, 1440, 0
MSarray_4, 0.173963, 1440, 0
base, 0.013083, 1456
mono, 0.016198, 1456, 0
sliced, 0.017589, 1456, 0
SQ, 0.020340, 1456, 0
HAT, 0.017163, 1456, 0
MSarray_2, 0.036575, 1456, 0
MSarray_3, 0.038491, 1456, 0
MSarray_4, 0.170878, 1456, 0
base, 0.012954, 1472
mono, 0.015758, 1472, 0
sliced, 0.017389, 1472, 0
SQ, 0.020814, 1472, 0
HAT, 0.017307, 1472, 0
MSarray_2, 0.095764, 1472, 0
MSarray_3, 0.046749, 1472, 0
MSarray_4, 0.173366, 1472, 0
base, 0.015886, 1488
mono, 0.024025, 1488, 0
sliced, 0.024040, 1488, 0
SQ, 0.027570, 1488, 0
HAT, 0.046363, 1488, 0
MSarray_2, 0.134193, 1488, 0
MSarray_3, 0.037765, 1488, 0
MSarray_4, 0.211292, 1488, 0
base, 0.015076, 1504
mono, 0.018862, 1504, 0
sliced, 0.022860, 1504, 0
SQ, 0.024980, 1504, 0
HAT, 0.022402, 1504, 0
MSarray_2, 0.065602, 1504, 0
MSarray_3, 0.134366, 1504, 0
MSarray_4, 0.232092, 1504, 0
base, 0.018428, 1520
mono, 0.020541, 1520, 0
sliced, 0.022530, 1520, 0
SQ, 0.026789, 1520, 0
HAT, 0.023914, 1520, 0
MSarray_2, 0.072895, 1520, 0
MSarray_3, 0.061004, 1520, 0
MSarray_4, 0.257245, 1520, 0
base, 0.035470, 1536
mono, 0.032926, 1536, 0
sliced, 0.033028, 1536, 0
SQ, 0.036662, 1536, 0
HAT, 0.055395, 1536, 0
MSarray_2, 0.032199, 1536, 0
MSarray_3, 0.186390, 1536, 0
MSarray_4, 0.230795, 1536, 0
base, 0.030038, 1552
mono, 0.030700, 1552, 0
sliced, 0.035007, 1552, 0
SQ, 0.039651, 1552, 0
HAT, 0.030082, 1552, 0
MSarray_2, 0.134095, 1552, 0
MSarray_3, 0.052220, 1552, 0
MSarray_4, 0.250602, 1552, 0
base, 0.025495, 1568
mono, 0.027979, 1568, 0
sliced, 0.029923, 1568, 0
SQ, 0.034824, 1568, 0
HAT, 0.029596, 1568, 0
MSarray_2, 0.082090, 1568, 0
MSarray_3, 0.120149, 1568, 0
MSarray_4, 0.266667, 1568, 0
base, 0.032682, 1584
mono, 0.034542, 1584, 0
sliced, 0.035083, 1584, 0
SQ, 0.037645, 1584, 0
HAT, 0.030122, 1584, 0
MSarray_2, 0.116657, 1584, 0
MSarray_3, 0.042812, 1584, 0
MSarray_4, 0.259232, 1584, 0
base, 0.030150, 1600
mono, 0.033631, 1600, 0
sliced, 0.034782, 1600, 0
SQ, 0.036286, 1600, 0
HAT, 0.036453, 1600, 0
MSarray_2, 0.129494, 1600, 0
MSarray_3, 0.156200, 1600, 0
MSarray_4, 0.249262, 1600, 0
base, 0.030438, 1616
mono, 0.029562, 1616, 0
sliced, 0.049546, 1616, 0
SQ, 0.039310, 1616, 0
HAT, 0.164062, 1616, 0
MSarray_2, 0.044146, 1616, 0
MSarray_3, 0.191338, 1616, 0
MSarray_4, 0.199876, 1616, 0
base, 0.027529, 1632
mono, 0.031910, 1632, 0
sliced, 0.033029, 1632, 0
SQ, 0.059576, 1632, 0
HAT, 0.030174, 1632, 0
MSarray_2, 0.077730, 1632, 0
MSarray_3, 0.062584, 1632, 0
MSarray_4, 0.293974, 1632, 0
base, 0.029324, 1648
mono, 0.036313, 1648, 0
sliced, 0.035937, 1648, 0
SQ, 0.035715, 1648, 0
HAT, 0.057976, 1648, 0
MSarray_2, 0.112422, 1648, 0
MSarray_3, 0.077078, 1648, 0
MSarray_4, 0.303194, 1648, 0
base, 0.030828, 1664
mono, 0.035088, 1664, 0
sliced, 0.036421, 1664, 0
SQ, 0.042084, 1664, 0
HAT, 0.030654, 1664, 0
MSarray_2, 0.141846, 1664, 0
MSarray_3, 0.057361, 1664, 0
MSarray_4, 0.302437, 1664, 0
base, 0.035181, 1680
mono, 0.039398, 1680, 0
sliced, 0.061514, 1680, 0
SQ, 0.040647, 1680, 0
HAT, 0.133216, 1680, 0
MSarray_2, 0.046058, 1680, 0
MSarray_3, 0.212948, 1680, 0
MSarray_4, 0.266734, 1680, 0
base, 0.030905, 1696
mono, 0.032020, 1696, 0
sliced, 0.038722, 1696, 0
SQ, 0.039639, 1696, 0
HAT, 0.108985, 1696, 0
MSarray_2, 0.175064, 1696, 0
MSarray_3, 0.161863, 1696, 0
MSarray_4, 0.304577, 1696, 0
base, 0.030110, 1712
mono, 0.037705, 1712, 0
sliced, 0.036961, 1712, 0
SQ, 0.044216, 1712, 0
HAT, 0.126143, 1712, 0
MSarray_2, 0.039853, 1712, 0
MSarray_3, 0.225995, 1712, 0
MSarray_4, 0.275544, 1712, 0
base, 0.033057, 1728
mono, 0.042241, 1728, 0
sliced, 0.048759, 1728, 0
SQ, 0.039423, 1728, 0
HAT, 0.128985, 1728, 0
MSarray_2, 0.078450, 1728, 0
MSarray_3, 0.203460, 1728, 0
MSarray_4, 0.274821, 1728, 0
base, 0.032380, 1744
mono, 0.033783, 1744, 0
sliced, 0.123647, 1744, 0
SQ, 0.041595, 1744, 0
HAT, 0.048311, 1744, 0
MSarray_2, 0.213160, 1744, 0
MSarray_3, 0.200024, 1744, 0
MSarray_4, 0.300464, 1744, 0
base, 0.034058, 1760
mono, 0.053656, 1760, 0
sliced, 0.157383, 1760, 0
SQ, 0.026221, 1760, 0
HAT, 0.045480, 1760, 0
MSarray_2, 0.230591, 1760, 0
MSarray_3, 0.206265, 1760, 0
MSarray_4, 0.323269, 1760, 0
base, 0.188202, 1776
mono, 0.053517, 1776, 0
sliced, 0.149542, 1776, 0
SQ, 0.033628, 1776, 0
HAT, 0.051854, 1776, 0
MSarray_2, 0.154173, 1776, 0
MSarray_3, 0.212368, 1776, 0
MSarray_4, 0.274269, 1776, 0
base, 0.052640, 1792
mono, 0.171897, 1792, 0
sliced, 0.049590, 1792, 0
SQ, 0.050514, 1792, 0
HAT, 0.051136, 1792, 0
MSarray_2, 0.176277, 1792, 0
MSarray_3, 0.229910, 1792, 0
MSarray_4, 0.308701, 1792, 0
base, 0.034088, 1808
mono, 0.181246, 1808, 0
sliced, 0.063869, 1808, 0
SQ, 0.086847, 1808, 0
HAT, 0.195214, 1808, 0
MSarray_2, 0.135046, 1808, 0
MSarray_3, 0.253274, 1808, 0
MSarray_4, 0.314012, 1808, 0
base, 0.030459, 1824
mono, 0.144821, 1824, 0
sliced, 0.046953, 1824, 0
SQ, 0.057804, 1824, 0
HAT, 0.057879, 1824, 0
MSarray_2, 0.180528, 1824, 0
MSarray_3, 0.234211, 1824, 0
MSarray_4, 0.317289, 1824, 0
base, 0.163053, 1840
mono, 0.042534, 1840, 0
sliced, 0.059933, 1840, 0
SQ, 0.188731, 1840, 0
HAT, 0.030884, 1840, 0
MSarray_2, 0.257188, 1840, 0
MSarray_3, 0.245542, 1840, 0
MSarray_4, 0.307777, 1840, 0
base, 0.206054, 1856
mono, 0.181832, 1856, 0
sliced, 0.037811, 1856, 0
SQ, 0.116493, 1856, 0
HAT, 0.053123, 1856, 0
MSarray_2, 0.210482, 1856, 0
MSarray_3, 0.249529, 1856, 0
MSarray_4, 0.355806, 1856, 0
base, 0.184842, 1872
mono, 0.050406, 1872, 0
sliced, 0.217068, 1872, 0
SQ, 0.051457, 1872, 0
HAT, 0.219818, 1872, 0
MSarray_2, 0.180679, 1872, 0
MSarray_3, 0.279855, 1872, 0
MSarray_4, 0.319360, 1872, 0
base, 0.177096, 1888
mono, 0.049469, 1888, 0
sliced, 0.172072, 1888, 0
SQ, 0.039751, 1888, 0
HAT, 0.192365, 1888, 0
MSarray_2, 0.254427, 1888, 0
MSarray_3, 0.278288, 1888, 0
MSarray_4, 0.371712, 1888, 0
base, 0.202763, 1904
mono, 0.051945, 1904, 0
sliced, 0.252525, 1904, 0
SQ, 0.059612, 1904, 0
HAT, 0.227836, 1904, 0
MSarray_2, 0.258034, 1904, 0
MSarray_3, 0.306796, 1904, 0
MSarray_4, 0.370356, 1904, 0
base, 0.196691, 1920
mono, 0.207652, 1920, 0
sliced, 0.128062, 1920, 0
SQ, 0.054796, 1920, 0
HAT, 0.227591, 1920, 0
MSarray_2, 0.187790, 1920, 0
MSarray_3, 0.266388, 1920, 0
MSarray_4, 0.345522, 1920, 0
base, 0.219352, 1936
mono, 0.157469, 1936, 0
sliced, 0.188934, 1936, 0
SQ, 0.049756, 1936, 0
HAT, 0.220362, 1936, 0
MSarray_2, 0.303762, 1936, 0
MSarray_3, 0.276737, 1936, 0
MSarray_4, 0.376968, 1936, 0
base, 0.208094, 1952
mono, 0.183320, 1952, 0
sliced, 0.182497, 1952, 0
SQ, 0.219386, 1952, 0
HAT, 0.051615, 1952, 0
MSarray_2, 0.178192, 1952, 0
MSarray_3, 0.314513, 1952, 0
MSarray_4, 0.323941, 1952, 0
base, 0.228733, 1968
mono, 0.203227, 1968, 0
sliced, 0.220559, 1968, 0
SQ, 0.218083, 1968, 0
HAT, 0.221390, 1968, 0
MSarray_2, 0.222425, 1968, 0
MSarray_3, 0.310196, 1968, 0
MSarray_4, 0.334990, 1968, 0
base, 0.242764, 1984
mono, 0.174603, 1984, 0
sliced, 0.243805, 1984, 0
SQ, 0.257617, 1984, 0
HAT, 0.247883, 1984, 0
MSarray_2, 0.316618, 1984, 0
MSarray_3, 0.348894, 1984, 0
MSarray_4, 0.366068, 1984, 0
base, 0.246819, 2000
mono, 0.206931, 2000, 0
sliced, 0.236578, 2000, 0
SQ, 0.244585, 2000, 0
HAT, 0.265915, 2000, 0
MSarray_2, 0.221258, 2000, 0
MSarray_3, 0.345217, 2000, 0
MSarray_4, 0.430510, 2000, 0
base, 0.263954, 2016
mono, 0.242594, 2016, 0
sliced, 0.261423, 2016, 0
SQ, 0.295584, 2016, 0
HAT, 0.266849, 2016, 0
MSarray_2, 0.328293, 2016, 0
MSarray_3, 0.300611, 2016, 0
MSarray_4, 0.392087, 2016, 0
base, 0.265407, 2032
mono, 0.233070, 2032, 0
sliced, 0.297732, 2032, 0
SQ, 0.298705, 2032, 0
HAT, 0.294558, 2032, 0
MSarray_2, 0.356679, 2032, 0
MSarray_3, 0.376058, 2032, 0
MSarray_4, 0.403945, 2032, 0
base, 0.352674, 2048
mono, 0.236770, 2048, 0
sliced, 0.274559, 2048, 0
SQ, 0.298655, 2048, 0
HAT, 0.334648, 2048, 0
MSarray_2, 0.378803, 2048, 0
MSarray_3, 0.354916, 2048, 0
MSarray_4, 0.458884, 2048, 0
