array_type,time,element_size,checksum
geo, 0.023623, 16, 549770476255
mono, 0.023132, 16, 549770476255
sliced, 0.020231, 16, 549770476255
SQ, 0.022934, 16, 549770476255
HAT, 0.020825, 16, 549770476255
MSarray_2, 0.015868, 16, 549770476255
MSarray_3, 0.008436, 16, 549770476255
MSarray_4, 0.015254, 16, 549770476255
geo, 0.011571, 32, 549770476255
mono, 0.011937, 32, 549770476255
sliced, 0.010364, 32, 549770476255
SQ, 0.022589, 32, 549770476255
HAT, 0.020530, 32, 549770476255
MSarray_2, 0.019110, 32, 549770476255
MSarray_3, 0.018447, 32, 549770476255
MSarray_4, 0.016021, 32, 549770476255
geo, 0.036210, 48, 549770476255
mono, 0.037680, 48, 549770476255
sliced, 0.035267, 48, 549770476255
SQ, 0.036059, 48, 549770476255
HAT, 0.032423, 48, 549770476255
MSarray_2, 0.025516, 48, 549770476255
MSarray_3, 0.025082, 48, 549770476255
MSarray_4, 0.021764, 48, 549770476255
geo, 0.017215, 64, 549770476255
mono, 0.033691, 64, 549770476255
sliced, 0.026248, 64, 549770476255
SQ, 0.029827, 64, 549770476255
HAT, 0.022719, 64, 549770476255
MSarray_2, 0.020891, 64, 549770476255
MSarray_3, 0.018342, 64, 549770476255
MSarray_4, 0.018491, 64, 549770476255
geo, 0.031516, 80, 549770476255
mono, 0.027325, 80, 549770476255
sliced, 0.031232, 80, 549770476255
SQ, 0.031231, 80, 549770476255
HAT, 0.023749, 80, 549770476255
MSarray_2, 0.019295, 80, 549770476255
MSarray_3, 0.017283, 80, 549770476255
MSarray_4, 0.019316, 80, 549770476255
geo, 0.032250, 96, 549770476255
mono, 0.034662, 96, 549770476255
sliced, 0.029487, 96, 549770476255
SQ, 0.031946, 96, 549770476255
HAT, 0.026184, 96, 549770476255
MSarray_2, 0.022555, 96, 549770476255
MSarray_3, 0.018481, 96, 549770476255
MSarray_4, 0.023490, 96, 549770476255
geo, 0.033801, 112, 549770476255
mono, 0.031828, 112, 549770476255
sliced, 0.032660, 112, 549770476255
SQ, 0.036457, 112, 549770476255
HAT, 0.028541, 112, 549770476255
MSarray_2, 0.019983, 112, 549770476255
MSarray_3, 0.019350, 112, 549770476255
MSarray_4, 0.021876, 112, 549770476255
geo, 0.033315, 128, 549770476255
mono, 0.036698, 128, 549770476255
sliced, 0.036603, 128, 549770476255
SQ, 0.037764, 128, 549770476255
HAT, 0.030789, 128, 549770476255
MSarray_2, 0.017619, 128, 549770476255
MSarray_3, 0.024231, 128, 549770476255
MSarray_4, 0.021334, 128, 549770476255
geo, 0.037563, 144, 549770476255
mono, 0.040949, 144, 549770476255
sliced, 0.042401, 144, 549770476255
SQ, 0.039227, 144, 549770476255
HAT, 0.031943, 144, 549770476255
MSarray_2, 0.021293, 144, 549770476255
MSarray_3, 0.024692, 144, 549770476255
MSarray_4, 0.024165, 144, 549770476255
geo, 0.043112, 160, 549770476255
mono, 0.044747, 160, 549770476255
sliced, 0.042331, 160, 549770476255
SQ, 0.040087, 160, 549770476255
HAT, 0.034422, 160, 549770476255
MSarray_2, 0.025232, 160, 549770476255
MSarray_3, 0.021335, 160, 549770476255
MSarray_4, 0.027143, 160, 549770476255
geo, 0.038665, 176, 549770476255
mono, 0.042138, 176, 549770476255
sliced, 0.048214, 176, 549770476255
SQ, 0.048445, 176, 549770476255
HAT, 0.036687, 176, 549770476255
MSarray_2, 0.024477, 176, 549770476255
MSarray_3, 0.022910, 176, 549770476255
MSarray_4, 0.027731, 176, 549770476255
geo, 0.048940, 192, 549770476255
mono, 0.049072, 192, 549770476255
sliced, 0.047576, 192, 549770476255
SQ, 0.049954, 192, 549770476255
HAT, 0.038448, 192, 549770476255
MSarray_2, 0.027644, 192, 549770476255
MSarray_3, 0.031861, 192, 549770476255
MSarray_4, 0.030447, 192, 549770476255
geo, 0.051417, 208, 549770476255
mono, 0.045632, 208, 549770476255
sliced, 0.052493, 208, 549770476255
SQ, 0.053956, 208, 549770476255
HAT, 0.039619, 208, 549770476255
MSarray_2, 0.027754, 208, 549770476255
MSarray_3, 0.024100, 208, 549770476255
MSarray_4, 0.030640, 208, 549770476255
geo, 0.040160, 224, 549770476255
mono, 0.058084, 224, 549770476255
sliced, 0.054099, 224, 549770476255
SQ, 0.053766, 224, 549770476255
HAT, 0.039100, 224, 549770476255
MSarray_2, 0.030082, 224, 549770476255
MSarray_3, 0.023967, 224, 549770476255
MSarray_4, 0.035035, 224, 549770476255
geo, 0.048656, 240, 549770476255
mono, 0.057216, 240, 549770476255
sliced, 0.056125, 240, 549770476255
SQ, 0.057217, 240, 549770476255
HAT, 0.041180, 240, 549770476255
MSarray_2, 0.021447, 240, 549770476255
MSarray_3, 0.036083, 240, 549770476255
MSarray_4, 0.036065, 240, 549770476255
geo, 0.058556, 256, 549770476255
mono, 0.058521, 256, 549770476255
sliced, 0.057261, 256, 549770476255
SQ, 0.062447, 256, 549770476255
HAT, 0.045173, 256, 549770476255
MSarray_2, 0.026291, 256, 549770476255
MSarray_3, 0.024542, 256, 549770476255
MSarray_4, 0.033045, 256, 549770476255
geo, 0.053947, 272, 549770476255
mono, 0.060267, 272, 549770476255
sliced, 0.061557, 272, 549770476255
SQ, 0.063218, 272, 549770476255
HAT, 0.039606, 272, 549770476255
MSarray_2, 0.028256, 272, 549770476255
MSarray_3, 0.031680, 272, 549770476255
MSarray_4, 0.037518, 272, 549770476255
geo, 0.063715, 288, 549770476255
mono, 0.065144, 288, 549770476255
sliced, 0.061620, 288, 549770476255
SQ, 0.063794, 288, 549770476255
HAT, 0.044931, 288, 549770476255
MSarray_2, 0.033086, 288, 549770476255
MSarray_3, 0.032634, 288, 549770476255
MSarray_4, 0.039516, 288, 549770476255
geo, 0.064803, 304, 549770476255
mono, 0.063790, 304, 549770476255
sliced, 0.064541, 304, 549770476255
SQ, 0.066296, 304, 549770476255
HAT, 0.048224, 304, 549770476255
MSarray_2, 0.031590, 304, 549770476255
MSarray_3, 0.047242, 304, 549770476255
MSarray_4, 0.040506, 304, 549770476255
geo, 0.062895, 320, 549770476255
mono, 0.068064, 320, 549770476255
sliced, 0.065360, 320, 549770476255
SQ, 0.070256, 320, 549770476255
HAT, 0.049076, 320, 549770476255
MSarray_2, 0.036031, 320, 549770476255
MSarray_3, 0.064137, 320, 549770476255
MSarray_4, 0.044427, 320, 549770476255
geo, 0.067693, 336, 549770476255
mono, 0.072406, 336, 549770476255
sliced, 0.066733, 336, 549770476255
SQ, 0.073350, 336, 549770476255
HAT, 0.050962, 336, 549770476255
MSarray_2, 0.034671, 336, 549770476255
MSarray_3, 0.031568, 336, 549770476255
MSarray_4, 0.074307, 336, 549770476255
geo, 0.055540, 352, 549770476255
mono, 0.072831, 352, 549770476255
sliced, 0.068222, 352, 549770476255
SQ, 0.073125, 352, 549770476255
HAT, 0.050997, 352, 549770476255
MSarray_2, 0.027728, 352, 549770476255
MSarray_3, 0.063552, 352, 549770476255
MSarray_4, 0.070446, 352, 549770476255
geo, 0.066928, 368, 549770476255
mono, 0.068439, 368, 549770476255
sliced, 0.074920, 368, 549770476255
SQ, 0.072671, 368, 549770476255
HAT, 0.053658, 368, 549770476255
MSarray_2, 0.048697, 368, 549770476255
MSarray_3, 0.049553, 368, 549770476255
MSarray_4, 0.074410, 368, 549770476255
geo, 0.062599, 384, 549770476255
mono, 0.077247, 384, 549770476255
sliced, 0.074955, 384, 549770476255
SQ, 0.079354, 384, 549770476255
HAT, 0.055287, 384, 549770476255
MSarray_2, 0.040009, 384, 549770476255
MSarray_3, 0.045874, 384, 549770476255
MSarray_4, 0.076876, 384, 549770476255
geo, 0.071079, 400, 549770476255
mono, 0.078608, 400, 549770476255
sliced, 0.076308, 400, 549770476255
SQ, 0.079953, 400, 549770476255
HAT, 0.053832, 400, 549770476255
MSarray_2, 0.036138, 400, 549770476255
MSarray_3, 0.040739, 400, 549770476255
MSarray_4, 0.078638, 400, 549770476255
geo, 0.071829, 416, 549770476255
mono, 0.079240, 416, 549770476255
sliced, 0.079122, 416, 549770476255
SQ, 0.081392, 416, 549770476255
HAT, 0.055840, 416, 549770476255
MSarray_2, 0.047370, 416, 549770476255
MSarray_3, 0.033491, 416, 549770476255
MSarray_4, 0.066316, 416, 549770476255
geo, 0.080989, 432, 549770476255
mono, 0.082516, 432, 549770476255
sliced, 0.080569, 432, 549770476255
SQ, 0.083694, 432, 549770476255
HAT, 0.059743, 432, 549770476255
MSarray_2, 0.034854, 432, 549770476255
MSarray_3, 0.040744, 432, 549770476255
MSarray_4, 0.088134, 432, 549770476255
geo, 0.069326, 448, 549770476255
mono, 0.078177, 448, 549770476255
sliced, 0.080497, 448, 549770476255
SQ, 0.083575, 448, 549770476255
HAT, 0.057846, 448, 549770476255
MSarray_2, 0.050677, 448, 549770476255
MSarray_3, 0.044425, 448, 549770476255
MSarray_4, 0.089863, 448, 549770476255
geo, 0.071153, 464, 549770476255
mono, 0.085903, 464, 549770476255
sliced, 0.084889, 464, 549770476255
SQ, 0.084903, 464, 549770476255
HAT, 0.058721, 464, 549770476255
MSarray_2, 0.040408, 464, 549770476255
MSarray_3, 0.039024, 464, 549770476255
MSarray_4, 0.092737, 464, 549770476255
geo, 0.085396, 480, 549770476255
mono, 0.088421, 480, 549770476255
sliced, 0.083707, 480, 549770476255
SQ, 0.089543, 480, 549770476255
HAT, 0.059111, 480, 549770476255
MSarray_2, 0.056886, 480, 549770476255
MSarray_3, 0.045051, 480, 549770476255
MSarray_4, 0.100513, 480, 549770476255
geo, 0.068484, 496, 549770476255
mono, 0.066116, 496, 549770476255
sliced, 0.087461, 496, 549770476255
SQ, 0.090384, 496, 549770476255
HAT, 0.061357, 496, 549770476255
MSarray_2, 0.054160, 496, 549770476255
MSarray_3, 0.046661, 496, 549770476255
MSarray_4, 0.102317, 496, 549770476255
geo, 0.070833, 512, 549770476255
mono, 0.091234, 512, 549770476255
sliced, 0.087847, 512, 549770476255
SQ, 0.087135, 512, 549770476255
HAT, 0.064658, 512, 549770476255
MSarray_2, 0.040737, 512, 549770476255
MSarray_3, 0.049902, 512, 549770476255
MSarray_4, 0.099496, 512, 549770476255
geo, 0.072473, 528, 549770476255
mono, 0.096113, 528, 549770476255
sliced, 0.092886, 528, 549770476255
SQ, 0.094690, 528, 549770476255
HAT, 0.062823, 528, 549770476255
MSarray_2, 0.044353, 528, 549770476255
MSarray_3, 0.082811, 528, 549770476255
MSarray_4, 0.092073, 528, 549770476255
geo, 0.080514, 544, 549770476255
mono, 0.093191, 544, 549770476255
sliced, 0.092366, 544, 549770476255
SQ, 0.093780, 544, 549770476255
HAT, 0.061378, 544, 549770476255
MSarray_2, 0.045278, 544, 549770476255
MSarray_3, 0.080846, 544, 549770476255
MSarray_4, 0.081311, 544, 549770476255
geo, 0.089189, 560, 549770476255
mono, 0.097240, 560, 549770476255
sliced, 0.097658, 560, 549770476255
SQ, 0.097531, 560, 549770476255
HAT, 0.065392, 560, 549770476255
MSarray_2, 0.047867, 560, 549770476255
MSarray_3, 0.082465, 560, 549770476255
MSarray_4, 0.094313, 560, 549770476255
geo, 0.074206, 576, 549770476255
mono, 0.097776, 576, 549770476255
sliced, 0.095687, 576, 549770476255
SQ, 0.101927, 576, 549770476255
HAT, 0.067089, 576, 549770476255
MSarray_2, 0.052076, 576, 549770476255
MSarray_3, 0.082852, 576, 549770476255
MSarray_4, 0.106559, 576, 549770476255
geo, 0.091972, 592, 549770476255
mono, 0.098508, 592, 549770476255
sliced, 0.097722, 592, 549770476255
SQ, 0.103607, 592, 549770476255
HAT, 0.067424, 592, 549770476255
MSarray_2, 0.086750, 592, 549770476255
MSarray_3, 0.103503, 592, 549770476255
MSarray_4, 0.102919, 592, 549770476255
geo, 0.096871, 608, 549770476255
mono, 0.088612, 608, 549770476255
sliced, 0.098670, 608, 549770476255
SQ, 0.089316, 608, 549770476255
HAT, 0.060702, 608, 549770476255
MSarray_2, 0.076572, 608, 549770476255
MSarray_3, 0.085689, 608, 549770476255
MSarray_4, 0.124347, 608, 549770476255
geo, 0.071243, 624, 549770476255
mono, 0.098680, 624, 549770476255
sliced, 0.080254, 624, 549770476255
SQ, 0.081721, 624, 549770476255
HAT, 0.067169, 624, 549770476255
MSarray_2, 0.073205, 624, 549770476255
MSarray_3, 0.077564, 624, 549770476255
MSarray_4, 0.113080, 624, 549770476255
geo, 0.093795, 640, 549770476255
mono, 0.099726, 640, 549770476255
sliced, 0.094918, 640, 549770476255
SQ, 0.084078, 640, 549770476255
HAT, 0.068318, 640, 549770476255
MSarray_2, 0.082218, 640, 549770476255
MSarray_3, 0.078892, 640, 549770476255
MSarray_4, 0.114580, 640, 549770476255
geo, 0.100355, 656, 549770476255
mono, 0.105374, 656, 549770476255
sliced, 0.109171, 656, 549770476255
SQ, 0.105064, 656, 549770476255
HAT, 0.072740, 656, 549770476255
MSarray_2, 0.059508, 656, 549770476255
MSarray_3, 0.096476, 656, 549770476255
MSarray_4, 0.111971, 656, 549770476255
geo, 0.076803, 672, 549770476255
mono, 0.106349, 672, 549770476255
sliced, 0.104186, 672, 549770476255
SQ, 0.109808, 672, 549770476255
HAT, 0.069620, 672, 549770476255
MSarray_2, 0.085820, 672, 549770476255
MSarray_3, 0.099443, 672, 549770476255
MSarray_4, 0.131460, 672, 549770476255
geo, 0.081146, 688, 549770476255
mono, 0.079352, 688, 549770476255
sliced, 0.109047, 688, 549770476255
SQ, 0.103412, 688, 549770476255
HAT, 0.076305, 688, 549770476255
MSarray_2, 0.044504, 688, 549770476255
MSarray_3, 0.101524, 688, 549770476255
MSarray_4, 0.125800, 688, 549770476255
geo, 0.092387, 704, 549770476255
mono, 0.086014, 704, 549770476255
sliced, 0.090771, 704, 549770476255
SQ, 0.083025, 704, 549770476255
HAT, 0.075365, 704, 549770476255
MSarray_2, 0.069731, 704, 549770476255
MSarray_3, 0.112378, 704, 549770476255
MSarray_4, 0.129817, 704, 549770476255
geo, 0.118489, 720, 549770476255
mono, 0.107117, 720, 549770476255
sliced, 0.114932, 720, 549770476255
SQ, 0.110980, 720, 549770476255
HAT, 0.074359, 720, 549770476255
MSarray_2, 0.068611, 720, 549770476255
MSarray_3, 0.096564, 720, 549770476255
MSarray_4, 0.128719, 720, 549770476255
geo, 0.115056, 736, 549770476255
mono, 0.106208, 736, 549770476255
sliced, 0.114857, 736, 549770476255
SQ, 0.115386, 736, 549770476255
HAT, 0.070910, 736, 549770476255
MSarray_2, 0.072679, 736, 549770476255
MSarray_3, 0.110294, 736, 549770476255
MSarray_4, 0.142892, 736, 549770476255
geo, 0.112227, 752, 549770476255
mono, 0.109636, 752, 549770476255
sliced, 0.117621, 752, 549770476255
SQ, 0.089161, 752, 549770476255
HAT, 0.092661, 752, 549770476255
MSarray_2, 0.075147, 752, 549770476255
MSarray_3, 0.097384, 752, 549770476255
MSarray_4, 0.143551, 752, 549770476255
geo, 0.090984, 768, 549770476255
mono, 0.120069, 768, 549770476255
sliced, 0.116690, 768, 549770476255
SQ, 0.112782, 768, 549770476255
HAT, 0.081370, 768, 549770476255
MSarray_2, 0.078995, 768, 549770476255
MSarray_3, 0.121685, 768, 549770476255
MSarray_4, 0.135176, 768, 549770476255
geo, 0.103373, 784, 549770476255
mono, 0.095703, 784, 549770476255
sliced, 0.119937, 784, 549770476255
SQ, 0.123128, 784, 549770476255
HAT, 0.078528, 784, 549770476255
MSarray_2, 0.074797, 784, 549770476255
MSarray_3, 0.096747, 784, 549770476255
MSarray_4, 0.138785, 784, 549770476255
geo, 0.132462, 800, 549770476255
mono, 0.119972, 800, 549770476255
sliced, 0.113517, 800, 549770476255
SQ, 0.116930, 800, 549770476255
HAT, 0.080879, 800, 549770476255
MSarray_2, 0.073482, 800, 549770476255
MSarray_3, 0.102308, 800, 549770476255
MSarray_4, 0.142605, 800, 549770476255
geo, 0.092452, 816, 549770476255
mono, 0.116951, 816, 549770476255
sliced, 0.095140, 816, 549770476255
SQ, 0.109518, 816, 549770476255
HAT, 0.081655, 816, 549770476255
MSarray_2, 0.067974, 816, 549770476255
MSarray_3, 0.123134, 816, 549770476255
MSarray_4, 0.150665, 816, 549770476255
geo, 0.092958, 832, 549770476255
mono, 0.119934, 832, 549770476255
sliced, 0.118867, 832, 549770476255
SQ, 0.110191, 832, 549770476255
HAT, 0.100159, 832, 549770476255
MSarray_2, 0.106759, 832, 549770476255
MSarray_3, 0.140465, 832, 549770476255
MSarray_4, 0.131648, 832, 549770476255
geo, 0.107822, 848, 549770476255
mono, 0.115238, 848, 549770476255
sliced, 0.123917, 848, 549770476255
SQ, 0.125945, 848, 549770476255
HAT, 0.089577, 848, 549770476255
MSarray_2, 0.080182, 848, 549770476255
MSarray_3, 0.079524, 848, 549770476255
MSarray_4, 0.154632, 848, 549770476255
geo, 0.127154, 864, 549770476255
mono, 0.126592, 864, 549770476255
sliced, 0.119135, 864, 549770476255
SQ, 0.122184, 864, 549770476255
HAT, 0.082386, 864, 549770476255
MSarray_2, 0.087718, 864, 549770476255
MSarray_3, 0.133800, 864, 549770476255
MSarray_4, 0.158512, 864, 549770476255
geo, 0.096503, 880, 549770476255
mono, 0.121712, 880, 549770476255
sliced, 0.133443, 880, 549770476255
SQ, 0.105762, 880, 549770476255
HAT, 0.086915, 880, 549770476255
MSarray_2, 0.084664, 880, 549770476255
MSarray_3, 0.113799, 880, 549770476255
MSarray_4, 0.168381, 880, 549770476255
geo, 0.104656, 896, 549770476255
mono, 0.133223, 896, 549770476255
sliced, 0.107554, 896, 549770476255
SQ, 0.128312, 896, 549770476255
HAT, 0.087604, 896, 549770476255
MSarray_2, 0.116918, 896, 549770476255
MSarray_3, 0.164939, 896, 549770476255
MSarray_4, 0.155657, 896, 549770476255
geo, 0.124840, 912, 549770476255
mono, 0.143554, 912, 549770476255
sliced, 0.135425, 912, 549770476255
SQ, 0.126552, 912, 549770476255
HAT, 0.084543, 912, 549770476255
MSarray_2, 0.092729, 912, 549770476255
MSarray_3, 0.114316, 912, 549770476255
MSarray_4, 0.186586, 912, 549770476255
geo, 0.135359, 928, 549770476255
mono, 0.117078, 928, 549770476255
sliced, 0.135174, 928, 549770476255
SQ, 0.144888, 928, 549770476255
HAT, 0.086628, 928, 549770476255
MSarray_2, 0.073711, 928, 549770476255
MSarray_3, 0.116715, 928, 549770476255
MSarray_4, 0.182154, 928, 549770476255
geo, 0.114501, 944, 549770476255
mono, 0.149037, 944, 549770476255
sliced, 0.134751, 944, 549770476255
SQ, 0.144457, 944, 549770476255
HAT, 0.090616, 944, 549770476255
MSarray_2, 0.072772, 944, 549770476255
MSarray_3, 0.113253, 944, 549770476255
MSarray_4, 0.170820, 944, 549770476255
geo, 0.112059, 960, 549770476255
mono, 0.144692, 960, 549770476255
sliced, 0.137386, 960, 549770476255
SQ, 0.119452, 960, 549770476255
HAT, 0.089273, 960, 549770476255
MSarray_2, 0.088196, 960, 549770476255
MSarray_3, 0.110522, 960, 549770476255
MSarray_4, 0.166656, 960, 549770476255
geo, 0.112757, 976, 549770476255
mono, 0.134029, 976, 549770476255
sliced, 0.142705, 976, 549770476255
SQ, 0.121168, 976, 549770476255
HAT, 0.091065, 976, 549770476255
MSarray_2, 0.075141, 976, 549770476255
MSarray_3, 0.118132, 976, 549770476255
MSarray_4, 0.166176, 976, 549770476255
geo, 0.111514, 992, 549770476255
mono, 0.142407, 992, 549770476255
sliced, 0.125832, 992, 549770476255
SQ, 0.119458, 992, 549770476255
HAT, 0.093514, 992, 549770476255
MSarray_2, 0.111195, 992, 549770476255
MSarray_3, 0.148003, 992, 549770476255
MSarray_4, 0.168430, 992, 549770476255
geo, 0.112928, 1008, 549770476255
mono, 0.129837, 1008, 549770476255
sliced, 0.146044, 1008, 549770476255
SQ, 0.121152, 1008, 549770476255
HAT, 0.096851, 1008, 549770476255
MSarray_2, 0.095721, 1008, 549770476255
MSarray_3, 0.141986, 1008, 549770476255
MSarray_4, 0.170051, 1008, 549770476255
geo, 0.125393, 1024, 549770476255
mono, 0.150367, 1024, 549770476255
sliced, 0.125224, 1024, 549770476255
SQ, 0.162302, 1024, 549770476255
HAT, 0.104825, 1024, 549770476255
MSarray_2, 0.094107, 1024, 549770476255
MSarray_3, 0.128885, 1024, 549770476255
MSarray_4, 0.195372, 1024, 549770476255
geo, 0.119771, 1040, 549770476255
mono, 0.160459, 1040, 549770476255
sliced, 0.159321, 1040, 549770476255
SQ, 0.126104, 1040, 549770476255
HAT, 0.094477, 1040, 549770476255
MSarray_2, 0.085231, 1040, 549770476255
MSarray_3, 0.111436, 1040, 549770476255
MSarray_4, 0.188809, 1040, 549770476255
geo, 0.125510, 1056, 549770476255
mono, 0.159696, 1056, 549770476255
sliced, 0.135683, 1056, 549770476255
SQ, 0.158158, 1056, 549770476255
HAT, 0.095048, 1056, 549770476255
MSarray_2, 0.100174, 1056, 549770476255
MSarray_3, 0.130453, 1056, 549770476255
MSarray_4, 0.195008, 1056, 549770476255
geo, 0.136957, 1072, 549770476255
mono, 0.158209, 1072, 549770476255
sliced, 0.147302, 1072, 549770476255
SQ, 0.158139, 1072, 549770476255
HAT, 0.099696, 1072, 549770476255
MSarray_2, 0.101900, 1072, 549770476255
MSarray_3, 0.128181, 1072, 549770476255
MSarray_4, 0.189816, 1072, 549770476255
geo, 0.127971, 1088, 549770476255
mono, 0.165475, 1088, 549770476255
sliced, 0.146916, 1088, 549770476255
SQ, 0.166962, 1088, 549770476255
HAT, 0.117821, 1088, 549770476255
MSarray_2, 0.096662, 1088, 549770476255
MSarray_3, 0.163391, 1088, 549770476255
MSarray_4, 0.229233, 1088, 549770476255
geo, 0.131158, 1104, 549770476255
mono, 0.156418, 1104, 549770476255
sliced, 0.165042, 1104, 549770476255
SQ, 0.155205, 1104, 549770476255
HAT, 0.106032, 1104, 549770476255
MSarray_2, 0.149324, 1104, 549770476255
MSarray_3, 0.188760, 1104, 549770476255
MSarray_4, 0.234722, 1104, 549770476255
geo, 0.136312, 1120, 549770476255
mono, 0.158831, 1120, 549770476255
sliced, 0.147880, 1120, 549770476255
SQ, 0.144987, 1120, 549770476255
HAT, 0.122253, 1120, 549770476255
MSarray_2, 0.164708, 1120, 549770476255
MSarray_3, 0.150549, 1120, 549770476255
MSarray_4, 0.173534, 1120, 549770476255
geo, 0.131104, 1136, 549770476255
mono, 0.161493, 1136, 549770476255
sliced, 0.162087, 1136, 549770476255
SQ, 0.141567, 1136, 549770476255
HAT, 0.108508, 1136, 549770476255
MSarray_2, 0.090176, 1136, 549770476255
MSarray_3, 0.142345, 1136, 549770476255
MSarray_4, 0.213354, 1136, 549770476255
geo, 0.148590, 1152, 549770476255
mono, 0.170511, 1152, 549770476255
sliced, 0.158641, 1152, 549770476255
SQ, 0.169867, 1152, 549770476255
HAT, 0.118486, 1152, 549770476255
MSarray_2, 0.105712, 1152, 549770476255
MSarray_3, 0.151121, 1152, 549770476255
MSarray_4, 0.214148, 1152, 549770476255
geo, 0.148728, 1168, 549770476255
mono, 0.161307, 1168, 549770476255
sliced, 0.169977, 1168, 549770476255
SQ, 0.170221, 1168, 549770476255
HAT, 0.109003, 1168, 549770476255
MSarray_2, 0.096999, 1168, 549770476255
MSarray_3, 0.230174, 1168, 549770476255
MSarray_4, 0.252308, 1168, 549770476255
geo, 0.153017, 1184, 549770476255
mono, 0.181084, 1184, 549770476255
sliced, 0.166522, 1184, 549770476255
SQ, 0.141673, 1184, 549770476255
HAT, 0.111082, 1184, 549770476255
MSarray_2, 0.104210, 1184, 549770476255
MSarray_3, 0.145967, 1184, 549770476255
MSarray_4, 0.201039, 1184, 549770476255
geo, 0.139541, 1200, 549770476255
mono, 0.170191, 1200, 549770476255
sliced, 0.165125, 1200, 549770476255
SQ, 0.181759, 1200, 549770476255
HAT, 0.115773, 1200, 549770476255
MSarray_2, 0.111622, 1200, 549770476255
MSarray_3, 0.186423, 1200, 549770476255
MSarray_4, 0.205772, 1200, 549770476255
geo, 0.162089, 1216, 549770476255
mono, 0.180488, 1216, 549770476255
sliced, 0.151804, 1216, 549770476255
SQ, 0.179362, 1216, 549770476255
HAT, 0.110855, 1216, 549770476255
MSarray_2, 0.096268, 1216, 549770476255
MSarray_3, 0.161627, 1216, 549770476255
MSarray_4, 0.218186, 1216, 549770476255
geo, 0.135494, 1232, 549770476255
mono, 0.158782, 1232, 549770476255
sliced, 0.148321, 1232, 549770476255
SQ, 0.145574, 1232, 549770476255
HAT, 0.114539, 1232, 549770476255
MSarray_2, 0.107096, 1232, 549770476255
MSarray_3, 0.192405, 1232, 549770476255
MSarray_4, 0.209778, 1232, 549770476255
geo, 0.145248, 1248, 549770476255
mono, 0.183983, 1248, 549770476255
sliced, 0.150549, 1248, 549770476255
SQ, 0.159783, 1248, 549770476255
HAT, 0.119085, 1248, 549770476255
MSarray_2, 0.145397, 1248, 549770476255
MSarray_3, 0.184684, 1248, 549770476255
MSarray_4, 0.197395, 1248, 549770476255
geo, 0.160210, 1264, 549770476255
mono, 0.169545, 1264, 549770476255
sliced, 0.172480, 1264, 549770476255
SQ, 0.187954, 1264, 549770476255
HAT, 0.121233, 1264, 549770476255
MSarray_2, 0.100323, 1264, 549770476255
MSarray_3, 0.223594, 1264, 549770476255
MSarray_4, 0.232792, 1264, 549770476255
geo, 0.154989, 1280, 549770476255
mono, 0.183327, 1280, 549770476255
sliced, 0.180957, 1280, 549770476255
SQ, 0.179741, 1280, 549770476255
HAT, 0.117216, 1280, 549770476255
MSarray_2, 0.108742, 1280, 549770476255
MSarray_3, 0.173554, 1280, 549770476255
MSarray_4, 0.214514, 1280, 549770476255
geo, 0.155179, 1296, 549770476255
mono, 0.182762, 1296, 549770476255
sliced, 0.179122, 1296, 549770476255
SQ, 0.182324, 1296, 549770476255
HAT, 0.125698, 1296, 549770476255
MSarray_2, 0.122639, 1296, 549770476255
MSarray_3, 0.172545, 1296, 549770476255
MSarray_4, 0.264075, 1296, 549770476255
geo, 0.150770, 1312, 549770476255
mono, 0.176933, 1312, 549770476255
sliced, 0.176729, 1312, 549770476255
SQ, 0.175925, 1312, 549770476255
HAT, 0.125534, 1312, 549770476255
MSarray_2, 0.101579, 1312, 549770476255
MSarray_3, 0.167027, 1312, 549770476255
MSarray_4, 0.313829, 1312, 549770476255
geo, 0.185690, 1328, 549770476255
mono, 0.193055, 1328, 549770476255
sliced, 0.183113, 1328, 549770476255
SQ, 0.188802, 1328, 549770476255
HAT, 0.148901, 1328, 549770476255
MSarray_2, 0.140886, 1328, 549770476255
MSarray_3, 0.229003, 1328, 549770476255
MSarray_4, 0.231191, 1328, 549770476255
geo, 0.172114, 1344, 549770476255
mono, 0.188609, 1344, 549770476255
sliced, 0.157731, 1344, 549770476255
SQ, 0.189532, 1344, 549770476255
HAT, 0.129657, 1344, 549770476255
MSarray_2, 0.184944, 1344, 549770476255
MSarray_3, 0.220982, 1344, 549770476255
MSarray_4, 0.236276, 1344, 549770476255
geo, 0.169164, 1360, 549770476255
mono, 0.191571, 1360, 549770476255
sliced, 0.169784, 1360, 549770476255
SQ, 0.179222, 1360, 549770476255
HAT, 0.125102, 1360, 549770476255
MSarray_2, 0.138275, 1360, 549770476255
MSarray_3, 0.158887, 1360, 549770476255
MSarray_4, 0.234877, 1360, 549770476255
geo, 0.178123, 1376, 549770476255
mono, 0.162065, 1376, 549770476255
sliced, 0.155968, 1376, 549770476255
SQ, 0.183248, 1376, 549770476255
HAT, 0.127554, 1376, 549770476255
MSarray_2, 0.152684, 1376, 549770476255
MSarray_3, 0.206750, 1376, 549770476255
MSarray_4, 0.245631, 1376, 549770476255
geo, 0.185384, 1392, 549770476255
mono, 0.180921, 1392, 549770476255
sliced, 0.175433, 1392, 549770476255
SQ, 0.182904, 1392, 549770476255
HAT, 0.133099, 1392, 549770476255
MSarray_2, 0.118431, 1392, 549770476255
MSarray_3, 0.189023, 1392, 549770476255
MSarray_4, 0.251987, 1392, 549770476255
geo, 0.185075, 1408, 549770476255
mono, 0.183517, 1408, 549770476255
sliced, 0.183362, 1408, 549770476255
SQ, 0.236517, 1408, 549770476255
HAT, 0.200828, 1408, 549770476255
MSarray_2, 0.294658, 1408, 549770476255
MSarray_3, 0.309862, 1408, 549770476255
MSarray_4, 0.334799, 1408, 549770476255
geo, 0.236622, 1424, 549770476255
mono, 0.236908, 1424, 549770476255
sliced, 0.238862, 1424, 549770476255
SQ, 0.250169, 1424, 549770476255
HAT, 0.195770, 1424, 549770476255
MSarray_2, 0.243889, 1424, 549770476255
MSarray_3, 0.316774, 1424, 549770476255
MSarray_4, 0.327287, 1424, 549770476255
geo, 0.238880, 1440, 549770476255
mono, 0.245800, 1440, 549770476255
sliced, 0.234371, 1440, 549770476255
SQ, 0.244708, 1440, 549770476255
HAT, 0.204518, 1440, 549770476255
MSarray_2, 0.308711, 1440, 549770476255
MSarray_3, 0.301918, 1440, 549770476255
MSarray_4, 0.366332, 1440, 549770476255
geo, 0.251874, 1456, 549770476255
mono, 0.257308, 1456, 549770476255
sliced, 0.250139, 1456, 549770476255
SQ, 0.252264, 1456, 549770476255
HAT, 0.220972, 1456, 549770476255
MSarray_2, 0.319015, 1456, 549770476255
MSarray_3, 0.343993, 1456, 549770476255
MSarray_4, 0.351153, 1456, 549770476255
geo, 0.244102, 1472, 549770476255
mono, 0.260989, 1472, 549770476255
sliced, 0.248661, 1472, 549770476255
SQ, 0.238112, 1472, 549770476255
HAT, 0.219311, 1472, 549770476255
MSarray_2, 0.289647, 1472, 549770476255
MSarray_3, 0.330942, 1472, 549770476255
MSarray_4, 0.359377, 1472, 549770476255
geo, 0.244903, 1488, 549770476255
mono, 0.252830, 1488, 549770476255
sliced, 0.259852, 1488, 549770476255
SQ, 0.245897, 1488, 549770476255
HAT, 0.211187, 1488, 549770476255
MSarray_2, 0.228543, 1488, 549770476255
MSarray_3, 0.356190, 1488, 549770476255
MSarray_4, 0.346709, 1488, 549770476255
geo, 0.248669, 1504, 549770476255
mono, 0.255839, 1504, 549770476255
sliced, 0.252851, 1504, 549770476255
SQ, 0.251884, 1504, 549770476255
HAT, 0.207855, 1504, 549770476255
MSarray_2, 0.223014, 1504, 549770476255
MSarray_3, 0.302941, 1504, 549770476255
MSarray_4, 0.353110, 1504, 549770476255
geo, 0.254724, 1520, 549770476255
mono, 0.270783, 1520, 549770476255
sliced, 0.254275, 1520, 549770476255
SQ, 0.265414, 1520, 549770476255
HAT, 0.227594, 1520, 549770476255
MSarray_2, 0.248631, 1520, 549770476255
MSarray_3, 0.282294, 1520, 549770476255
MSarray_4, 0.373657, 1520, 549770476255
geo, 0.254519, 1536, 549770476255
mono, 0.267196, 1536, 549770476255
sliced, 0.256451, 1536, 549770476255
SQ, 0.244367, 1536, 549770476255
HAT, 0.234602, 1536, 549770476255
MSarray_2, 0.284534, 1536, 549770476255
MSarray_3, 0.325738, 1536, 549770476255
MSarray_4, 0.370389, 1536, 549770476255
geo, 0.268686, 1552, 549770476255
mono, 0.253682, 1552, 549770476255
sliced, 0.259553, 1552, 549770476255
SQ, 0.247445, 1552, 549770476255
HAT, 0.222972, 1552, 549770476255
MSarray_2, 0.227805, 1552, 549770476255
MSarray_3, 0.334551, 1552, 549770476255
MSarray_4, 0.373535, 1552, 549770476255
geo, 0.254138, 1568, 549770476255
mono, 0.273621, 1568, 549770476255
sliced, 0.263367, 1568, 549770476255
SQ, 0.259606, 1568, 549770476255
HAT, 0.217264, 1568, 549770476255
MSarray_2, 0.271796, 1568, 549770476255
MSarray_3, 0.320921, 1568, 549770476255
MSarray_4, 0.382665, 1568, 549770476255
geo, 0.276193, 1584, 549770476255
mono, 0.266560, 1584, 549770476255
sliced, 0.272444, 1584, 549770476255
SQ, 0.268998, 1584, 549770476255
HAT, 0.224293, 1584, 549770476255
MSarray_2, 0.323539, 1584, 549770476255
MSarray_3, 0.353954, 1584, 549770476255
MSarray_4, 0.372365, 1584, 549770476255
geo, 0.289056, 1600, 549770476255
mono, 0.264309, 1600, 549770476255
sliced, 0.268157, 1600, 549770476255
SQ, 0.268236, 1600, 549770476255
HAT, 0.235775, 1600, 549770476255
MSarray_2, 0.313156, 1600, 549770476255
MSarray_3, 0.305626, 1600, 549770476255
MSarray_4, 0.347834, 1600, 549770476255
geo, 0.279969, 1616, 549770476255
mono, 0.267011, 1616, 549770476255
sliced, 0.267365, 1616, 549770476255
SQ, 0.272019, 1616, 549770476255
HAT, 0.233471, 1616, 549770476255
MSarray_2, 0.305362, 1616, 549770476255
MSarray_3, 0.380731, 1616, 549770476255
MSarray_4, 0.349570, 1616, 549770476255
geo, 0.266954, 1632, 549770476255
mono, 0.292035, 1632, 549770476255
sliced, 0.277389, 1632, 549770476255
SQ, 0.279491, 1632, 549770476255
HAT, 0.257689, 1632, 549770476255
MSarray_2, 0.325899, 1632, 549770476255
MSarray_3, 0.365543, 1632, 549770476255
MSarray_4, 0.357654, 1632, 549770476255
geo, 0.270029, 1648, 549770476255
mono, 0.284899, 1648, 549770476255
sliced, 0.285171, 1648, 549770476255
SQ, 0.273782, 1648, 549770476255
HAT, 0.240967, 1648, 549770476255
MSarray_2, 0.287410, 1648, 549770476255
MSarray_3, 0.354517, 1648, 549770476255
MSarray_4, 0.366394, 1648, 549770476255
geo, 0.286562, 1664, 549770476255
mono, 0.279351, 1664, 549770476255
sliced, 0.284634, 1664, 549770476255
SQ, 0.281001, 1664, 549770476255
HAT, 0.246176, 1664, 549770476255
MSarray_2, 0.362496, 1664, 549770476255
MSarray_3, 0.353075, 1664, 549770476255
MSarray_4, 0.388067, 1664, 549770476255
geo, 0.279273, 1680, 549770476255
mono, 0.304023, 1680, 549770476255
sliced, 0.284824, 1680, 549770476255
SQ, 0.278595, 1680, 549770476255
HAT, 0.235994, 1680, 549770476255
MSarray_2, 0.312831, 1680, 549770476255
MSarray_3, 0.338370, 1680, 549770476255
MSarray_4, 0.421979, 1680, 549770476255
geo, 0.290287, 1696, 549770476255
mono, 0.298478, 1696, 549770476255
sliced, 0.274505, 1696, 549770476255
SQ, 0.282252, 1696, 549770476255
HAT, 0.238640, 1696, 549770476255
MSarray_2, 0.293261, 1696, 549770476255
MSarray_3, 0.356627, 1696, 549770476255
MSarray_4, 0.413480, 1696, 549770476255
geo, 0.290067, 1712, 549770476255
mono, 0.302677, 1712, 549770476255
sliced, 0.289845, 1712, 549770476255
SQ, 0.300572, 1712, 549770476255
HAT, 0.246021, 1712, 549770476255
MSarray_2, 0.341208, 1712, 549770476255
MSarray_3, 0.387043, 1712, 549770476255
MSarray_4, 0.419320, 1712, 549770476255
geo, 0.291190, 1728, 549770476255
mono, 0.287874, 1728, 549770476255
sliced, 0.280909, 1728, 549770476255
SQ, 0.287088, 1728, 549770476255
HAT, 0.266827, 1728, 549770476255
MSarray_2, 0.348551, 1728, 549770476255
MSarray_3, 0.343334, 1728, 549770476255
MSarray_4, 0.396367, 1728, 549770476255
geo, 0.294567, 1744, 549770476255
mono, 0.276467, 1744, 549770476255
sliced, 0.286384, 1744, 549770476255
SQ, 0.290063, 1744, 549770476255
HAT, 0.237732, 1744, 549770476255
MSarray_2, 0.345509, 1744, 549770476255
MSarray_3, 0.355725, 1744, 549770476255
MSarray_4, 0.405651, 1744, 549770476255
geo, 0.269995, 1760, 549770476255
mono, 0.300235, 1760, 549770476255
sliced, 0.303630, 1760, 549770476255
SQ, 0.293072, 1760, 549770476255
HAT, 0.241041, 1760, 549770476255
MSarray_2, 0.243861, 1760, 549770476255
MSarray_3, 0.366323, 1760, 549770476255
MSarray_4, 0.376203, 1760, 549770476255
geo, 0.336718, 1776, 549770476255
mono, 0.308922, 1776, 549770476255
sliced, 0.305263, 1776, 549770476255
SQ, 0.294394, 1776, 549770476255
HAT, 0.266662, 1776, 549770476255
MSarray_2, 0.360793, 1776, 549770476255
MSarray_3, 0.399980, 1776, 549770476255
MSarray_4, 0.390026, 1776, 549770476255
geo, 0.301495, 1792, 549770476255
mono, 0.298006, 1792, 549770476255
sliced, 0.289447, 1792, 549770476255
SQ, 0.285277, 1792, 549770476255
HAT, 0.236119, 1792, 549770476255
MSarray_2, 0.213611, 1792, 549770476255
MSarray_3, 0.361573, 1792, 549770476255
MSarray_4, 0.401971, 1792, 549770476255
geo, 0.294719, 1808, 549770476255
mono, 0.291034, 1808, 549770476255
sliced, 0.305342, 1808, 549770476255
SQ, 0.306033, 1808, 549770476255
HAT, 0.241806, 1808, 549770476255
MSarray_2, 0.213568, 1808, 549770476255
MSarray_3, 0.271599, 1808, 549770476255
MSarray_4, 0.355517, 1808, 549770476255
geo, 0.304596, 1824, 549770476255
mono, 0.296761, 1824, 549770476255
sliced, 0.289094, 1824, 549770476255
SQ, 0.293863, 1824, 549770476255
HAT, 0.267602, 1824, 549770476255
MSarray_2, 0.305768, 1824, 549770476255
MSarray_3, 0.331164, 1824, 549770476255
MSarray_4, 0.354765, 1824, 549770476255
geo, 0.317766, 1840, 549770476255
mono, 0.323143, 1840, 549770476255
sliced, 0.325509, 1840, 549770476255
SQ, 0.301102, 1840, 549770476255
HAT, 0.258182, 1840, 549770476255
MSarray_2, 0.373920, 1840, 549770476255
MSarray_3, 0.350510, 1840, 549770476255
MSarray_4, 0.365778, 1840, 549770476255
geo, 0.305206, 1856, 549770476255
mono, 0.304105, 1856, 549770476255
sliced, 0.305946, 1856, 549770476255
SQ, 0.306468, 1856, 549770476255
HAT, 0.279437, 1856, 549770476255
MSarray_2, 0.382351, 1856, 549770476255
MSarray_3, 0.383410, 1856, 549770476255
MSarray_4, 0.374604, 1856, 549770476255
geo, 0.306355, 1872, 549770476255
mono, 0.308143, 1872, 549770476255
sliced, 0.302291, 1872, 549770476255
SQ, 0.302937, 1872, 549770476255
HAT, 0.274425, 1872, 549770476255
MSarray_2, 0.343996, 1872, 549770476255
MSarray_3, 0.316863, 1872, 549770476255
MSarray_4, 0.428418, 1872, 549770476255
geo, 0.295606, 1888, 549770476255
mono, 0.289029, 1888, 549770476255
sliced, 0.293662, 1888, 549770476255
SQ, 0.301082, 1888, 549770476255
HAT, 0.257509, 1888, 549770476255
MSarray_2, 0.254704, 1888, 549770476255
MSarray_3, 0.286474, 1888, 549770476255
MSarray_4, 0.338704, 1888, 549770476255
geo, 0.285468, 1904, 549770476255
mono, 0.291724, 1904, 549770476255
sliced, 0.294918, 1904, 549770476255
SQ, 0.289070, 1904, 549770476255
HAT, 0.248448, 1904, 549770476255
MSarray_2, 0.224092, 1904, 549770476255
MSarray_3, 0.294889, 1904, 549770476255
MSarray_4, 0.335849, 1904, 549770476255
geo, 0.297792, 1920, 549770476255
mono, 0.298440, 1920, 549770476255
sliced, 0.297808, 1920, 549770476255
SQ, 0.299461, 1920, 549770476255
HAT, 0.250273, 1920, 549770476255
MSarray_2, 0.242699, 1920, 549770476255
MSarray_3, 0.343863, 1920, 549770476255
MSarray_4, 0.382578, 1920, 549770476255
geo, 0.313089, 1936, 549770476255
mono, 0.297335, 1936, 549770476255
sliced, 0.305858, 1936, 549770476255
SQ, 0.311512, 1936, 549770476255
HAT, 0.258403, 1936, 549770476255
MSarray_2, 0.287041, 1936, 549770476255
MSarray_3, 0.436992, 1936, 549770476255
MSarray_4, 0.377723, 1936, 549770476255
geo, 0.327589, 1952, 549770476255
mono, 0.304492, 1952, 549770476255
sliced, 0.308106, 1952, 549770476255
SQ, 0.316174, 1952, 549770476255
HAT, 0.263822, 1952, 549770476255
MSarray_2, 0.324516, 1952, 549770476255
MSarray_3, 0.425508, 1952, 549770476255
MSarray_4, 0.378372, 1952, 549770476255
geo, 0.328146, 1968, 549770476255
mono, 0.326727, 1968, 549770476255
sliced, 0.327628, 1968, 549770476255
SQ, 0.325094, 1968, 549770476255
HAT, 0.282443, 1968, 549770476255
MSarray_2, 0.357841, 1968, 549770476255
MSarray_3, 0.423786, 1968, 549770476255
MSarray_4, 0.427499, 1968, 549770476255
geo, 0.328368, 1984, 549770476255
mono, 0.325343, 1984, 549770476255
sliced, 0.318151, 1984, 549770476255
SQ, 0.314570, 1984, 549770476255
HAT, 0.280726, 1984, 549770476255
MSarray_2, 0.366759, 1984, 549770476255
MSarray_3, 0.375351, 1984, 549770476255
MSarray_4, 0.400546, 1984, 549770476255
geo, 0.326440, 2000, 549770476255
mono, 0.327802, 2000, 549770476255
sliced, 0.321676, 2000, 549770476255
SQ, 0.322149, 2000, 549770476255
HAT, 0.274283, 2000, 549770476255
MSarray_2, 0.361811, 2000, 549770476255
MSarray_3, 0.378371, 2000, 549770476255
MSarray_4, 0.443898, 2000, 549770476255
geo, 0.348501, 2016, 549770476255
mono, 0.325004, 2016, 549770476255
sliced, 0.325592, 2016, 549770476255
SQ, 0.329775, 2016, 549770476255
HAT, 0.290025, 2016, 549770476255
MSarray_2, 0.404805, 2016, 549770476255
MSarray_3, 0.368192, 2016, 549770476255
MSarray_4, 0.474145, 2016, 549770476255
geo, 0.338533, 2032, 549770476255
mono, 0.330334, 2032, 549770476255
sliced, 0.338893, 2032, 549770476255
SQ, 0.347066, 2032, 549770476255
HAT, 0.294989, 2032, 549770476255
MSarray_2, 0.366664, 2032, 549770476255
MSarray_3, 0.369776, 2032, 549770476255
MSarray_4, 0.457117, 2032, 549770476255
geo, 0.340116, 2048, 549770476255
mono, 0.332616, 2048, 549770476255
sliced, 0.329610, 2048, 549770476255
SQ, 0.333618, 2048, 549770476255
HAT, 0.276048, 2048, 549770476255
MSarray_2, 0.359999, 2048, 549770476255
MSarray_3, 0.368029, 2048, 549770476255
MSarray_4, 0.460250, 2048, 549770476255
geo, 0.012943, 16, 549770476255
mono, 0.012876, 16, 549770476255
sliced, 0.012868, 16, 549770476255
SQ, 0.012774, 16, 549770476255
HAT, 0.012609, 16, 549770476255
MSarray_2, 0.011666, 16, 549770476255
MSarray_3, 0.011914, 16, 549770476255
MSarray_4, 0.011456, 16, 549770476255
geo, 0.014402, 32, 549770476255
mono, 0.014693, 32, 549770476255
sliced, 0.014856, 32, 549770476255
SQ, 0.015451, 32, 549770476255
HAT, 0.014208, 32, 549770476255
MSarray_2, 0.013837, 32, 549770476255
MSarray_3, 0.013252, 32, 549770476255
MSarray_4, 0.012468, 32, 549770476255
geo, 0.023967, 48, 549770476255
mono, 0.024248, 48, 549770476255
sliced, 0.024594, 48, 549770476255
SQ, 0.025288, 48, 549770476255
HAT, 0.024070, 48, 549770476255
MSarray_2, 0.021167, 48, 549770476255
MSarray_3, 0.021302, 48, 549770476255
MSarray_4, 0.021205, 48, 549770476255
geo, 0.017469, 64, 549770476255
mono, 0.017256, 64, 549770476255
sliced, 0.017836, 64, 549770476255
SQ, 0.017964, 64, 549770476255
HAT, 0.016563, 64, 549770476255
MSarray_2, 0.015080, 64, 549770476255
MSarray_3, 0.014999, 64, 549770476255
MSarray_4, 0.014793, 64, 549770476255
geo, 0.019389, 80, 549770476255
mono, 0.019623, 80, 549770476255
sliced, 0.020801, 80, 549770476255
SQ, 0.020378, 80, 549770476255
HAT, 0.017473, 80, 549770476255
MSarray_2, 0.016149, 80, 549770476255
MSarray_3, 0.017672, 80, 549770476255
MSarray_4, 0.022208, 80, 549770476255
geo, 0.021988, 96, 549770476255
mono, 0.020991, 96, 549770476255
sliced, 0.021496, 96, 549770476255
SQ, 0.020969, 96, 549770476255
HAT, 0.018669, 96, 549770476255
MSarray_2, 0.019098, 96, 549770476255
MSarray_3, 0.016356, 96, 549770476255
MSarray_4, 0.024076, 96, 549770476255
geo, 0.023005, 112, 549770476255
mono, 0.023228, 112, 549770476255
sliced, 0.025958, 112, 549770476255
SQ, 0.025118, 112, 549770476255
HAT, 0.021860, 112, 549770476255
MSarray_2, 0.020605, 112, 549770476255
MSarray_3, 0.017972, 112, 549770476255
MSarray_4, 0.025833, 112, 549770476255
geo, 0.024447, 128, 549770476255
mono, 0.024550, 128, 549770476255
sliced, 0.026088, 128, 549770476255
SQ, 0.026251, 128, 549770476255
HAT, 0.023026, 128, 549770476255
MSarray_2, 0.020932, 128, 549770476255
MSarray_3, 0.018502, 128, 549770476255
MSarray_4, 0.026636, 128, 549770476255
geo, 0.028575, 144, 549770476255
mono, 0.027376, 144, 549770476255
sliced, 0.030667, 144, 549770476255
SQ, 0.028966, 144, 549770476255
HAT, 0.025019, 144, 549770476255
MSarray_2, 0.028146, 144, 549770476255
MSarray_3, 0.023576, 144, 549770476255
MSarray_4, 0.032772, 144, 549770476255
geo, 0.030105, 160, 549770476255
mono, 0.030902, 160, 549770476255
sliced, 0.032986, 160, 549770476255
SQ, 0.029636, 160, 549770476255
HAT, 0.026318, 160, 549770476255
MSarray_2, 0.024619, 160, 549770476255
MSarray_3, 0.021989, 160, 549770476255
MSarray_4, 0.033504, 160, 549770476255
geo, 0.041059, 176, 549770476255
mono, 0.035023, 176, 549770476255
sliced, 0.036278, 176, 549770476255
SQ, 0.034308, 176, 549770476255
HAT, 0.031327, 176, 549770476255
MSarray_2, 0.027624, 176, 549770476255
MSarray_3, 0.030084, 176, 549770476255
MSarray_4, 0.038630, 176, 549770476255
geo, 0.039102, 192, 549770476255
mono, 0.034747, 192, 549770476255
sliced, 0.035759, 192, 549770476255
SQ, 0.036938, 192, 549770476255
HAT, 0.033129, 192, 549770476255
MSarray_2, 0.032134, 192, 549770476255
MSarray_3, 0.034971, 192, 549770476255
MSarray_4, 0.038509, 192, 549770476255
geo, 0.045169, 208, 549770476255
mono, 0.039382, 208, 549770476255
sliced, 0.040840, 208, 549770476255
SQ, 0.039721, 208, 549770476255
HAT, 0.034192, 208, 549770476255
MSarray_2, 0.032333, 208, 549770476255
MSarray_3, 0.029584, 208, 549770476255
MSarray_4, 0.043805, 208, 549770476255
geo, 0.039861, 224, 549770476255
mono, 0.040421, 224, 549770476255
sliced, 0.040764, 224, 549770476255
SQ, 0.041591, 224, 549770476255
HAT, 0.038127, 224, 549770476255
MSarray_2, 0.041664, 224, 549770476255
MSarray_3, 0.031454, 224, 549770476255
MSarray_4, 0.050033, 224, 549770476255
geo, 0.043993, 240, 549770476255
mono, 0.042734, 240, 549770476255
sliced, 0.046458, 240, 549770476255
SQ, 0.045635, 240, 549770476255
HAT, 0.039645, 240, 549770476255
MSarray_2, 0.038504, 240, 549770476255
MSarray_3, 0.032694, 240, 549770476255
MSarray_4, 0.054842, 240, 549770476255
geo, 0.046653, 256, 549770476255
mono, 0.044059, 256, 549770476255
sliced, 0.045626, 256, 549770476255
SQ, 0.046368, 256, 549770476255
HAT, 0.040258, 256, 549770476255
MSarray_2, 0.029068, 256, 549770476255
MSarray_3, 0.039545, 256, 549770476255
MSarray_4, 0.049821, 256, 549770476255
geo, 0.047692, 272, 549770476255
mono, 0.047734, 272, 549770476255
sliced, 0.050929, 272, 549770476255
SQ, 0.049439, 272, 549770476255
HAT, 0.044872, 272, 549770476255
MSarray_2, 0.042278, 272, 549770476255
MSarray_3, 0.037046, 272, 549770476255
MSarray_4, 0.068684, 272, 549770476255
geo, 0.048197, 288, 549770476255
mono, 0.049525, 288, 549770476255
sliced, 0.049266, 288, 549770476255
SQ, 0.050194, 288, 549770476255
HAT, 0.043552, 288, 549770476255
MSarray_2, 0.058776, 288, 549770476255
MSarray_3, 0.053887, 288, 549770476255
MSarray_4, 0.054543, 288, 549770476255
geo, 0.053440, 304, 549770476255
mono, 0.052019, 304, 549770476255
sliced, 0.055894, 304, 549770476255
SQ, 0.055295, 304, 549770476255
HAT, 0.048389, 304, 549770476255
MSarray_2, 0.053677, 304, 549770476255
MSarray_3, 0.065067, 304, 549770476255
MSarray_4, 0.079819, 304, 549770476255
geo, 0.054362, 320, 549770476255
mono, 0.055475, 320, 549770476255
sliced, 0.055392, 320, 549770476255
SQ, 0.057882, 320, 549770476255
HAT, 0.051468, 320, 549770476255
MSarray_2, 0.041583, 320, 549770476255
MSarray_3, 0.055383, 320, 549770476255
MSarray_4, 0.067207, 320, 549770476255
geo, 0.057166, 336, 549770476255
mono, 0.060154, 336, 549770476255
sliced, 0.060823, 336, 549770476255
SQ, 0.060413, 336, 549770476255
HAT, 0.050881, 336, 549770476255
MSarray_2, 0.055345, 336, 549770476255
MSarray_3, 0.052199, 336, 549770476255
MSarray_4, 0.085828, 336, 549770476255
geo, 0.060232, 352, 549770476255
mono, 0.061925, 352, 549770476255
sliced, 0.061848, 352, 549770476255
SQ, 0.062985, 352, 549770476255
HAT, 0.052935, 352, 549770476255
MSarray_2, 0.059063, 352, 549770476255
MSarray_3, 0.061754, 352, 549770476255
MSarray_4, 0.090897, 352, 549770476255
geo, 0.065372, 368, 549770476255
mono, 0.062818, 368, 549770476255
sliced, 0.066114, 368, 549770476255
SQ, 0.065958, 368, 549770476255
HAT, 0.057690, 368, 549770476255
MSarray_2, 0.057882, 368, 549770476255
MSarray_3, 0.056367, 368, 549770476255
MSarray_4, 0.093881, 368, 549770476255
geo, 0.065754, 384, 549770476255
mono, 0.065021, 384, 549770476255
sliced, 0.065330, 384, 549770476255
SQ, 0.066521, 384, 549770476255
HAT, 0.061662, 384, 549770476255
MSarray_2, 0.047672, 384, 549770476255
MSarray_3, 0.061164, 384, 549770476255
MSarray_4, 0.096327, 384, 549770476255
geo, 0.070176, 400, 549770476255
mono, 0.065457, 400, 549770476255
sliced, 0.068907, 400, 549770476255
SQ, 0.072111, 400, 549770476255
HAT, 0.060139, 400, 549770476255
MSarray_2, 0.068215, 400, 549770476255
MSarray_3, 0.060824, 400, 549770476255
MSarray_4, 0.098984, 400, 549770476255
geo, 0.069432, 416, 549770476255
mono, 0.070165, 416, 549770476255
sliced, 0.070823, 416, 549770476255
SQ, 0.071670, 416, 549770476255
HAT, 0.063673, 416, 549770476255
MSarray_2, 0.060240, 416, 549770476255
MSarray_3, 0.070784, 416, 549770476255
MSarray_4, 0.101657, 416, 549770476255
geo, 0.076330, 432, 549770476255
mono, 0.072481, 432, 549770476255
sliced, 0.075329, 432, 549770476255
SQ, 0.075028, 432, 549770476255
HAT, 0.065918, 432, 549770476255
MSarray_2, 0.067127, 432, 549770476255
MSarray_3, 0.077612, 432, 549770476255
MSarray_4, 0.108141, 432, 549770476255
geo, 0.074845, 448, 549770476255
mono, 0.074695, 448, 549770476255
sliced, 0.078544, 448, 549770476255
SQ, 0.079322, 448, 549770476255
HAT, 0.066451, 448, 549770476255
MSarray_2, 0.067178, 448, 549770476255
MSarray_3, 0.075733, 448, 549770476255
MSarray_4, 0.121813, 448, 549770476255
geo, 0.078536, 464, 549770476255
mono, 0.075405, 464, 549770476255
sliced, 0.079634, 464, 549770476255
SQ, 0.078998, 464, 549770476255
HAT, 0.068534, 464, 549770476255
MSarray_2, 0.075372, 464, 549770476255
MSarray_3, 0.066741, 464, 549770476255
MSarray_4, 0.121359, 464, 549770476255
geo, 0.078987, 480, 549770476255
mono, 0.080264, 480, 549770476255
sliced, 0.081264, 480, 549770476255
SQ, 0.079831, 480, 549770476255
HAT, 0.071997, 480, 549770476255
MSarray_2, 0.059114, 480, 549770476255
MSarray_3, 0.082340, 480, 549770476255
MSarray_4, 0.117528, 480, 549770476255
geo, 0.111315, 496, 549770476255
mono, 0.083165, 496, 549770476255
sliced, 0.085160, 496, 549770476255
SQ, 0.083508, 496, 549770476255
HAT, 0.072810, 496, 549770476255
MSarray_2, 0.077788, 496, 549770476255
MSarray_3, 0.058665, 496, 549770476255
MSarray_4, 0.121632, 496, 549770476255
geo, 0.085978, 512, 549770476255
mono, 0.083259, 512, 549770476255
sliced, 0.084734, 512, 549770476255
SQ, 0.084877, 512, 549770476255
HAT, 0.073373, 512, 549770476255
MSarray_2, 0.084865, 512, 549770476255
MSarray_3, 0.067616, 512, 549770476255
MSarray_4, 0.125843, 512, 549770476255
geo, 0.086412, 528, 549770476255
mono, 0.085116, 528, 549770476255
sliced, 0.088051, 528, 549770476255
SQ, 0.089802, 528, 549770476255
HAT, 0.081294, 528, 549770476255
MSarray_2, 0.076852, 528, 549770476255
MSarray_3, 0.099643, 528, 549770476255
MSarray_4, 0.120031, 528, 549770476255
geo, 0.089977, 544, 549770476255
mono, 0.088718, 544, 549770476255
sliced, 0.092194, 544, 549770476255
SQ, 0.090090, 544, 549770476255
HAT, 0.075910, 544, 549770476255
MSarray_2, 0.088265, 544, 549770476255
MSarray_3, 0.077068, 544, 549770476255
MSarray_4, 0.126158, 544, 549770476255
geo, 0.092043, 560, 549770476255
mono, 0.090942, 560, 549770476255
sliced, 0.093276, 560, 549770476255
SQ, 0.094081, 560, 549770476255
HAT, 0.089734, 560, 549770476255
MSarray_2, 0.087969, 560, 549770476255
MSarray_3, 0.103007, 560, 549770476255
MSarray_4, 0.136041, 560, 549770476255
geo, 0.094957, 576, 549770476255
mono, 0.091740, 576, 549770476255
sliced, 0.099728, 576, 549770476255
SQ, 0.093187, 576, 549770476255
HAT, 0.087481, 576, 549770476255
MSarray_2, 0.088384, 576, 549770476255
MSarray_3, 0.090350, 576, 549770476255
MSarray_4, 0.130428, 576, 549770476255
geo, 0.096102, 592, 549770476255
mono, 0.093581, 592, 549770476255
sliced, 0.098527, 592, 549770476255
SQ, 0.096041, 592, 549770476255
HAT, 0.085503, 592, 549770476255
MSarray_2, 0.082717, 592, 549770476255
MSarray_3, 0.097938, 592, 549770476255
MSarray_4, 0.132709, 592, 549770476255
geo, 0.098469, 608, 549770476255
mono, 0.098730, 608, 549770476255
sliced, 0.098084, 608, 549770476255
SQ, 0.098353, 608, 549770476255
HAT, 0.085048, 608, 549770476255
MSarray_2, 0.082826, 608, 549770476255
MSarray_3, 0.112382, 608, 549770476255
MSarray_4, 0.137826, 608, 549770476255
geo, 0.142853, 624, 549770476255
mono, 0.098779, 624, 549770476255
sliced, 0.105653, 624, 549770476255
SQ, 0.104585, 624, 549770476255
HAT, 0.091425, 624, 549770476255
MSarray_2, 0.091883, 624, 549770476255
MSarray_3, 0.120461, 624, 549770476255
MSarray_4, 0.146848, 624, 549770476255
geo, 0.101481, 640, 549770476255
mono, 0.102236, 640, 549770476255
sliced, 0.104671, 640, 549770476255
SQ, 0.104525, 640, 549770476255
HAT, 0.111846, 640, 549770476255
MSarray_2, 0.096798, 640, 549770476255
MSarray_3, 0.122935, 640, 549770476255
MSarray_4, 0.138614, 640, 549770476255
geo, 0.110550, 656, 549770476255
mono, 0.102254, 656, 549770476255
sliced, 0.106691, 656, 549770476255
SQ, 0.109951, 656, 549770476255
HAT, 0.107373, 656, 549770476255
MSarray_2, 0.093469, 656, 549770476255
MSarray_3, 0.100906, 656, 549770476255
MSarray_4, 0.148039, 656, 549770476255
geo, 0.109168, 672, 549770476255
mono, 0.105247, 672, 549770476255
sliced, 0.109623, 672, 549770476255
SQ, 0.108378, 672, 549770476255
HAT, 0.096887, 672, 549770476255
MSarray_2, 0.101959, 672, 549770476255
MSarray_3, 0.120140, 672, 549770476255
MSarray_4, 0.153923, 672, 549770476255
geo, 0.110085, 688, 549770476255
mono, 0.110941, 688, 549770476255
sliced, 0.113913, 688, 549770476255
SQ, 0.113765, 688, 549770476255
HAT, 0.105074, 688, 549770476255
MSarray_2, 0.092106, 688, 549770476255
MSarray_3, 0.136560, 688, 549770476255
MSarray_4, 0.148938, 688, 549770476255
geo, 0.113550, 704, 549770476255
mono, 0.108515, 704, 549770476255
sliced, 0.113107, 704, 549770476255
SQ, 0.115315, 704, 549770476255
HAT, 0.098688, 704, 549770476255
MSarray_2, 0.103696, 704, 549770476255
MSarray_3, 0.124610, 704, 549770476255
MSarray_4, 0.171834, 704, 549770476255
geo, 0.127859, 720, 549770476255
mono, 0.115897, 720, 549770476255
sliced, 0.121529, 720, 549770476255
SQ, 0.117270, 720, 549770476255
HAT, 0.099682, 720, 549770476255
MSarray_2, 0.113311, 720, 549770476255
MSarray_3, 0.122534, 720, 549770476255
MSarray_4, 0.168684, 720, 549770476255
geo, 0.114580, 736, 549770476255
mono, 0.116973, 736, 549770476255
sliced, 0.118947, 736, 549770476255
SQ, 0.120011, 736, 549770476255
HAT, 0.101383, 736, 549770476255
MSarray_2, 0.116171, 736, 549770476255
MSarray_3, 0.115565, 736, 549770476255
MSarray_4, 0.157374, 736, 549770476255
geo, 0.118646, 752, 549770476255
mono, 0.118912, 752, 549770476255
sliced, 0.124092, 752, 549770476255
SQ, 0.120941, 752, 549770476255
HAT, 0.112121, 752, 549770476255
MSarray_2, 0.116950, 752, 549770476255
MSarray_3, 0.121880, 752, 549770476255
MSarray_4, 0.162718, 752, 549770476255
geo, 0.120006, 768, 549770476255
mono, 0.119562, 768, 549770476255
sliced, 0.121749, 768, 549770476255
SQ, 0.120820, 768, 549770476255
HAT, 0.106536, 768, 549770476255
MSarray_2, 0.117113, 768, 549770476255
MSarray_3, 0.122131, 768, 549770476255
MSarray_4, 0.172743, 768, 549770476255
geo, 0.129731, 784, 549770476255
mono, 0.121606, 784, 549770476255
sliced, 0.123967, 784, 549770476255
SQ, 0.125520, 784, 549770476255
HAT, 0.106108, 784, 549770476255
MSarray_2, 0.098022, 784, 549770476255
MSarray_3, 0.140365, 784, 549770476255
MSarray_4, 0.169520, 784, 549770476255
geo, 0.129662, 800, 549770476255
mono, 0.129077, 800, 549770476255
sliced, 0.127874, 800, 549770476255
SQ, 0.126236, 800, 549770476255
HAT, 0.108681, 800, 549770476255
MSarray_2, 0.119894, 800, 549770476255
MSarray_3, 0.139733, 800, 549770476255
MSarray_4, 0.192869, 800, 549770476255
geo, 0.129974, 816, 549770476255
mono, 0.127821, 816, 549770476255
sliced, 0.133553, 816, 549770476255
SQ, 0.130195, 816, 549770476255
HAT, 0.118543, 816, 549770476255
MSarray_2, 0.092105, 816, 549770476255
MSarray_3, 0.151719, 816, 549770476255
MSarray_4, 0.181822, 816, 549770476255
geo, 0.130319, 832, 549770476255
mono, 0.131205, 832, 549770476255
sliced, 0.132683, 832, 549770476255
SQ, 0.130828, 832, 549770476255
HAT, 0.112659, 832, 549770476255
MSarray_2, 0.140143, 832, 549770476255
MSarray_3, 0.125981, 832, 549770476255
MSarray_4, 0.182591, 832, 549770476255
geo, 0.130924, 848, 549770476255
mono, 0.132442, 848, 549770476255
sliced, 0.134869, 848, 549770476255
SQ, 0.135601, 848, 549770476255
HAT, 0.112570, 848, 549770476255
MSarray_2, 0.090724, 848, 549770476255
MSarray_3, 0.160551, 848, 549770476255
MSarray_4, 0.183204, 848, 549770476255
geo, 0.135216, 864, 549770476255
mono, 0.138889, 864, 549770476255
sliced, 0.136364, 864, 549770476255
SQ, 0.134480, 864, 549770476255
HAT, 0.120631, 864, 549770476255
MSarray_2, 0.097969, 864, 549770476255
MSarray_3, 0.150206, 864, 549770476255
MSarray_4, 0.188585, 864, 549770476255
geo, 0.140087, 880, 549770476255
mono, 0.138230, 880, 549770476255
sliced, 0.140690, 880, 549770476255
SQ, 0.140915, 880, 549770476255
HAT, 0.126861, 880, 549770476255
MSarray_2, 0.113894, 880, 549770476255
MSarray_3, 0.151850, 880, 549770476255
MSarray_4, 0.201530, 880, 549770476255
geo, 0.153796, 896, 549770476255
mono, 0.150037, 896, 549770476255
sliced, 0.149938, 896, 549770476255
SQ, 0.211240, 896, 549770476255
HAT, 0.120270, 896, 549770476255
MSarray_2, 0.192417, 896, 549770476255
MSarray_3, 0.173075, 896, 549770476255
MSarray_4, 0.197591, 896, 549770476255
geo, 0.167270, 912, 549770476255
mono, 0.200494, 912, 549770476255
sliced, 0.163068, 912, 549770476255
SQ, 0.145520, 912, 549770476255
HAT, 0.130252, 912, 549770476255
MSarray_2, 0.150337, 912, 549770476255
